restaurant,area,review,sample_reviews
wapo resto,Surabaya,"Pilihan menu lengkap. Ada asia, Indonesia. Lokasi dekat Unair kampus dan Masjid. Joss pokoknya.

Ada dua lantai. Enak di atas sih sembari liat lalu lalang kendaraan kota melintas.

Menu nya porsi besar terutama nasi goreng. Jadi memang cocok bila kesini bersama keluarga atau teman dan makan bareng. Toilet bersih. Musola di belakang. Parkir sangat luas. Harga terjangkau.

Salam

Santri Jalanan Tempat makan di depan kampus B Unair. Enak. Pilihan makanan beragam, tempat luas, nuansanya agak tradisional. Rasanya enak. Menu favorit di sini udang telur asin. Juara! Walaupun makanan yang lain jg enak sih. Harganya lumayan pricey, cocok untuk makan bersmaa keluarga atau kolega. Terakhir kali ke Wapo beberapa tahun lalu. Bangunannya gak berubah sama sekali. Seingatnya dulu di lantai 1 meskipun pintu terbuka, ruangan tetap dingin.. tapi kemarin panas banget meskipun ada kipas yg menyala (padahal datang di malam hari).

Untuk segi rasa masih sama persis, masih tetap enak banget. Nasi goreng yg porsinya jumbo pun masih sama persis rasanya. Saking jumbonya, jadi bisa dimakan 3-4 orang.

Pelayanannya juga masih mantap, langsung siap antar buku menu, kertas & pensil untuk pengunjung nulis pesanan dan juga menaruh piring sejumlah orang di meja tsb.
Untuk bayar pesanan bisa di akhir, dengan menyebut nomor meja.

Lahan parkir cukup kecil untuk resto keluarga, karena kebanyakan datang pakai mobil jadi parkiran mudah penuh tapi untung ada jukir yg selalu stand by dan pintar mengaturnya. Masih menjadi tempat favorit untuk makan bersama yang cukup enak dan nyaman di dekat pusat kota, rsud soetomo dan unair. Malam hari lebih romantis. Sangat recommended untuk Lumpia Semarangnya, rasanya enaaakk poll! Nyamann dan luas tempatnya terdapat 2 lantai bisa digunakan acara keluarga atau kumpul bareng temen-temen. Pelayanan juga gercep dan helpful. Makanan enak-enak paling fav Gurame bakar sama sambelnya, Joss. Enak porsi buanyak poll. Asparagus bisa makan 2-3 orang. Nasi goreng mie goreng porsinya jumbo. Worth it banget Restoran dua lantai ini memiliki area merokok di lantai atas dan dikenal sebagai tempat makan yang kasual. Meski cukup ramai dan sedikit bising, suasananya tetap nyaman. Interior kayu dengan pencahayaan lembut menciptakan kesan hangat dan bersahabat. Harganya turut bersahabat dan porsinya melimpah. Reuni tipis2 sama konco plek SMA dimari dengan suasana Wapo yg tidak berubah dari dulu, tetap ikonik dan masakan jg kayak biasae Jumbo size bisa dimakan berame rame dan tetap enak. Dan harga afordable , ok rekomend baru pertama kali kesini kaget dengan porsinya porsi kuli.... dengan harga segitu 1 porsi nasgor/mie goreng bisa buat 3-4 orang.... cemilannya enak2 semua berasa, tapi minum nya jgn mahal2 dong huhuğŸ¥¹ğŸ¥¹ğŸ¥¹ Tempat makan berkesan sejak jaman kuliah, kalo ke Surabaya disempatkan kesini lagi. Porsi sharing, pesan secukupnya dulu, kalo kurang bisa nambah. Kirain tutup saat hari lebaran, ternyata buka dan kondisinya rame sekali. Saat mau parkir saja, kami harus menunggu sebentar hingga ada mobil yang keluar.

Milih makan di lantai 1, karena di lantai 2 ternyata di khususkan sebagai smoking area. Untuk menunya sudah tersedia di meja masing-masing dan kami hanya menunggu untuk pelayanannya memberikan kertas dan pensil untuk menuliskan pesanan.

Walaupun mendapat pesanan dalam jumlah banyak dan dalam waktu yang cukup berdekatan, pelayanannya yang di berikan bisa dibilang sangat bagus. Tidak perlu menunggu terlalu lama hingga semua pesanan sampai.

Untuk menunya sangat bervariasi, mungkin karena hari lebaran ya, ada beberapa menu yang tidak tertulis, seperti cap cay goreng dan puyunghai. Sebenarnya menu tersebut tersedia, akan memang tidak tertulis di menu.

Baik dari makanan dan pelayanannya sudah sangat bagus, worth itu dengan harga segitu. Mantaps masakannya,GK pernah berubah rasanyaa dari duluu Makannya semua berasa bgt bumbunya. Porsinya jg melimpah dgn hrga bersahabat, 1porsi Nasi Goreng/mie goreng bisa kita makan ber 2-3, blom lg ikan guramenya jg besar, pokoknya sy dan tmn2 puas bgt makan diresto ini mana pelayan mba2nya ramah jg cekatan sy request meja kursi yg lesehan lsg disiapkan pdhl msh tgu ada yg nempatinnya mrk segera menyiapkan saat tmpnya saat pengunjung selesai makan, thx ya mba pelayanan nya (sy 2x kesana berturut2) Suasana ramai. Banyak yang buka puasa. Penyajian makanan tidak terlalu lama. Kikil sapi masih panas dan tentu saja enak ğŸ‘ğŸ» rekomended untuk makan bersama keluarga, rekan kerja atau acara lain. Makan siang bersama undangan keluarga waktu 17 Agustus 25 kemarin. Masih seperti dulu waktu SMA kesini, porsinya banyak dan enak. Menu pilihannya semakin beragam. Tempatnya luas dan bersih, pelayanan ramah. Perkiraannya luas. Mantap
Tempat sejak jaman muda dulu
dulu
Sembari nostalgia Makan disini dijamin puas karena porsinya yg banyak. Rasa makanan cukup baik. Terimakasih 30 Desember 24 , Acara malam tahun baru bareng karyawan sekitaran 50 orang
pesan menu paketan
2 Paket Nusantara
1 Paket Oriental
2 Gurami Asam Manis
10 Nasi Putih
1 Ayam Bakar
1 Mie Kuah Jawa
1 Nasgor Jawa
1 Nasgor Wapo
1 Penyetan komplit
1 Soup Buntut
1 Soup Buntut Goreng
1 es Kelapa Muda
6 es Teh Manis
2 es Teh Tawar
semua rasa masakkan nya lumayan yah
Porsi juga oke ğŸ‘ğŸ»
Harga juga oke ğŸ‘ğŸ»
Pelayanan mbak dan mas nya oke banget lah â­â­â­â­
Kebersihan resto baik
Ruang resto menurut saya terlalu sempit yah
jarak terlalu berdekatan membuat orang kurang nyaman untuk wira wiri
Tersedia parkir yang cukup luas Salah satu resto ramai di surabaya dengan lokasi yang strategis tepat di sebelah utara Unair Kampus B & di sebelah timur pojok graha Amerta RSUD Dr Soetomo.
Menu dan variasinya cukup banyak, rasanya OK dan harganya cukup terjangkau diantara resto resto pesaing lainnya.
Pelayanannya cukup baik dan cepat meskipun menu yang dipilih cukup beraneka ragam.
Terdiri dari 2 lantai, lantai 1 non smoking area, lantai 2 smoking area. Kekurangannya memang fasilitas dan kapasitas parkir yang cukup terbatas khususnya untuk mobil, mungkin max bisa menampung skitar 20 mobil.
Jangan lupa, untuk jam buka restoran ini cukup siang dibanding beberapa restoran yang lain yaitu sekitar pukul 11.30. Hari ini kebetulan berkunjung lagi ke WAPO dan menempati lantai 2. Secara tempat jika di lantai 2 cukup Oke, lega dan gk panas karena ruangannya semi open sehingga sirkulasi udara di lantai 2 sangat bagus dan juga di lantai 2 juga tersedia juga toilet sehingga tidak perlu turun ke lantai 1. Jika belum pernah mencoba, mungkin bisa mencoba nya terutama jika ada agenda keluarga atau sekedar berkumpul bersama teman teman kantor atau teman lainnya.
bukber disini asli rame banget... sambil menunggu waktu berbuka sempat jalan2 di pasar ramadhan karanga menjangan yang rame banget Selain porsinya besar dan bisa buat rameÂ².. EnakÂ²juga masakannya.. Enak semua sayang parkiran roda 4 terbatas dan harus antri utk bs masuk krn pas diperempatan jalan Wapo tempat makan yang porsinya besar besar apalagi nasi gorengnya, untuk makananya banyak pilihannya dari perdagingan sampek perikanan, sering rame dan parkirnya berbayar tapi sangat membantu dalam memarkirkan kendaraan kita, cocok untuk makan bersama pasangan maupun keluarga dan harganya juga masih standart harga makanan di surabaya, tetep nasi goreng yang recomended disini Luar biasa, saya booking untuk 20 orang. Pesen menu paket 2, masing - masing infonya bisa buat 10 orang. Tapi ternyata porsinya besar, terutama penyetan nya ternyata pakai wadah besar, 2 paket dapat 4 wadah besar...sampai selesai akhirnya dibungkus2in karena pada nggak habis.
Pelayanan juga ok dan ramah...mantab...keep perform wapo resto... Restoran yang terkenal dengan porsinya yang besar, dengan harga yang sangat sepadan dengan rasa dan porsinya.
Restoran ini cocok untuk acara keluarga, reunian, kumpul,  ataupun bukber.
Salah satu menu favoritnya adalah nasi goreng merah khas Suroboyoan. Menu lainnya pun tak kalah enaknya.
Lahan parkirnya cukup luas dan ada musholla di belakang restorannya. Cocok buat mkn bareng kluarga atau reuni teman2, bersih, makanan enak sih mulai dr chinese sampai indo food, porsi bisa biat 2-3 org 1 menunya. lumayan cpt dtgnya mknan, bs qris bisa debit card Depot legendaris sejak 1995, dulu banyak didatangi mahasiswa Unair. Nasi Gorengnya terkenal. Namun sekarang agak mahal untuk ukuran mahasiswa. Tempat makan langganan sama teman-teman kuliah kalau lagi ada acara kumpul-kumpul. Menunya beragam dengan porsi yang besar, terutama nasi gorengnya. Bukan hanya makanan utama, di sini juga tersedia pilihan makanan kecil dan berbagai pilihan minuman. Harga cukup terjangkau.
Lokasinya dekat Kampus B Universitas Airlangga. Posisinya di pojok, ujung jalan menuju Karangmenjangan jadi bagi yang belum kenal daerah sini kalau sudah dekat agak pelan untuk masuk ke parkiran biar tidak kebablasan. Parkirannya luas, berada di samping. Resto yg super duper positif. Layanan ramah & cepat. Rasanya enak & porsi jumbo. Saya pesan nasi goreng hongkong, nasi goreng jawa, soto daging, lontong, es campur durian, lemon tea, es degan, milkshake chocolate SEMUANYA EEENAAAKKKK. Parkir luas & nyaman. Pesan dulu, makan, baru bayar. Sangat recomended ğŸ‘ğŸ‘ğŸ‘ Tempat makan yang menyediakan dengan varian sangat banyak, mulai dari menu nusantara hingga chinese food. Masakannya enam dan sedap, porsinya banyak, jadi yang makannya banyak, aman laah disini. Cocok buat makan bareng keluarga atau sekedar meeting point disini.

Wapo ini bersih, bagus, dan estetik dengan nuansa tradisional Jawa dan kalau malam hari dihiasi lampu temaram warna kuning. Tempat ini terdiri dengan area dua lantai. Pada lantai bawah ialah no smoking area, dilengkapi dengan AC, dan untuk lantai atas adalah semi outdoor, yakni seating area untuk para perokok, dan yang ingin merasakan angin dari luar, lumayan kenceng anginnya kadang hehe

Area resto ini cukup besar untuk tampungan kapasitasnya, kedua lantai ini akan menampung tamu hingga 200 orang lebih.

Kebersihan oke, pelayanan baik dan ramah. Toilet bersih.

Area parkir cukup luas di bawah baik untuk R2 maupun R4.

ğŸŒŸ Jika ulasan ini cukup membantu, boleh donk kasih support dengan like di postingan ini biar saya makin semangat nulis review di Google Maps. Terima kasih ğŸ˜‰ Porsi jumbo, untuk nasi goreng, mie goreng bisa untuk 4 orang. Meskipun porsi jumbo tapi rasa dan kualitasnya tidak asal-asalan. Pelayanannya cepat dan ramah, tempat parkir luas, hanya saja toiletnya yang sangat tidak nyaman, bidet rusak dan airnya menyala kecil sekali Parkiran luas dan aman...
Makanan harga lumayan, tp sebanding dengan porsi besar dan rasa yg menurut saya  enak dan original old Chinese food.
Harga minuman klas cafe . Suasana agak gelap... AC kurang dingin.. tp cukup nyaman utk makan bersama kluarga... Sudah ada sejak lebih dari dua puluh tahun yang lalu. Parkiran luas. Menunya bervariasi, mulai olahan nasi, ayam, daging, aneka minuman hangat dan dingin. Harganya relatif mahal untuk ukuran mahasiswa, namun porsinya jumbo. Memang cocok untuk makan rame-rame. Tempatnya rame, rasa Nasi goreng enak, kl pesen 'pedes' mk dpt 'pedes bgt' dan utk porsi.. yg blm pnh coba mk anda akan kaget, krn byk sekali, bs utk mkn ber tiga. ğŸ˜ğŸ˜ Setelah sekian purnama, baru kesini lagi.
Kalo soal harga lumayan tinggi, aq pesen es degan leci hrg 30rb an lebih ğŸ˜ğŸ˜ğŸ˜ğŸ˜ Pelayanan Ramah. dan cepat wort it banget buat acara besar karna luas. Pelayanan ramah dan cekatan. Makanan enakÂ² ada chinese food dan indonesian food. Porsi nasi goreng lumayan banyak bisa makan 1 smpai 3 org. Bumbu bakaran enakkk ayamnya uempuk. Suasana tenang dan cozy alaÂ² rumah jawa. Ada 2 lantai, lantai 1 indoor, lantai 2 semi outdoor. Di lantai dua ada live musik di hari2 tertentu. Parkiran luas banget. Memuaskan Makanan Sama Seperti Dulu, Tapi Harga Agak Mahal Dikit Mngkin Krna pajak ny Naik Jga, Tpi pelayanan Fast Respon... Wapo~warung pojok
Resto yang letaknya di pojokan, terdiri dari dua lantai.
Tempatnya nyaman dan parkirannya luas.
Makanannya enak dengan porsi besar dengan harga terjangkau.
Pelayanannya bagus, cepat Dan Ramah. Makanannya enak.. porsi banyak.. harga mahasiswa.. menu andalan nasi goreng, kwetiau, koloke, dll Lokasi strategis dekat kampus unair, interior nyaman, parkir cukup luas, bangunan 2 lantai, cocok buat kongkow atau meeting dengan kolega. Tetap seperti dahulu....yang namanya nasi goreng tetap sebanyak itu.sesuai harga 2porsi.jadi KLO mau pesan lihat dulu jangan kebanyakan UPS tapi bisa dibungkus tenang saja. enak bangett! resto langganan keluarga dari jaman aku kecil. sekarang harganya mostly di 58k an. tapi tetep enak kok makanannya porsinya pun jumboo bisa buat 3-5 orang. minusnya ruangannya pengap & lebih panas ya sekarang. mungkin ac bisa ditambahin lagi. sangat cocok buat makan bersama keluarga ataupun teman karena cita rasa masakannya yang enak sesuai dengan harganya dan ada beberapa menu dengan porsi jumbo yaitu nasi goreng jumbonya yang cukup untuk 3 orang. Parkirannya juga luas dan di lantai atas ada bale bengongnya. Yg jadi favorite slalu mie goreng,jamur crsipy,sop buntut & sayur asem juga enak.
Layanan meskipun mbak""nya kadang masih ada yg ngelamun tp pelayanan smuanya baik.
Suasana mendukung klo di atas lebih santai makan,ngobrol dengan klg,relasi atau teman. Wah.... Wapo sekarang ama gua jaman tahun 1999 beda banget yah.... Kayaknya asyik buat temen temen kumpul reuni.... Hoooiii.... Mita, indra.... Guys kalian pada dimana broooo Tempat parkir luas
Ada parkir motor dan mobil
Menu makanan ala Chinese food
Porsi besar, jadi kalau mesen satu macem menu aja kayak nasi goreng itu bisa buat 1-3 orang
Es teh nya ukuran medium, walaupun gak ada yang jumbo tapi udah cukup banyak
Harga? Yah sesuai kualitas makanan nya, enak dan ngenyangin perut, harga diatas rata-rata masakan Chinese food, itupun masih ada charger atau tax
Tempat makan nya luas dan nyaman banget dan sejuk
Cuma tidak ada fasilitas wifi
Ada toilet nya
Tempat cuci diluar sebelum masuk ada Sebelum pesan harap di tanya dulu,
Makan berdua pesan
1) Mie Goreng
2) Rawon Daging Spesial
3) Sop Buntut

Di kira porsinya pas ternyata banyak kali

Cocok untuk bawa keluarga atau makan besar kantor atau perkumpulan Makanannya enak2,harga yaa lumayan lah tapi sesuai dengan porsi jumbo nya per menu,tempat jg cukup nyaman dan cocok untuk makan-makan bersama keluarga uda sejak jaman gw Sma nih tempat.ampe skrg masih bertahan ğŸ¤˜
setelah belasan tahun, br hari ini kesini lagi.
makanan ttp standart, cm gurame nya kurang sip hari ini masih sedikit bau apaaa gitu..makanan dan minuman lainnya masih aman..
servis masih ok seperti dulu, minta bungkus makanan sisa masih dilayanin dg baik. ğŸ‘
suasana rame ya padahal ini bukan weekend..
meski rame tp masih bisa terkoordinir dg cukup baik.
parkir luas motor dan mobil..
dah itu aja

edited : 23 feb 24
kesini lagi, di lt 2.
nasi goreng agak keasinan, mie goreng nya terlalu manis..
gamasalah si..
heran aja koq bisa berubah ya rasanya.. Kuliah di kampus sebelah restonya  dari '99-'02 tempatnya beberapa ada yang berubah ada yang tidak, salah satunya kalo kasi uang parrkir tidak seiklhas jaman kuliah ğŸ˜†ğŸ˜‚ğŸ¤­

Makanan ok
Suasana ok
â­â­â­â­â­

Salam tempat favorit klo makan bareng keluarga..suasananya nyaman...makanannya juga memiliki rasa yang mantabs. Lokasinya samping jalan raya sehingga mudah ditemukan. Perkirannya luas baik motor dan mobil pkus ada jukirnya. Tempatnya bersih dan nyaman namun kl full pengunjung jd panas walaupun ada kipas angin and ACnya. Pelayannya ramah dan cepat datang pesanan kita. Rasa manakannya enak plus porsinya jumbo. Harganya nyaman dikantong kok. Ada musicnya juga kok jd gk sepi saat di dlm resto. Ada toilet and musholahnya juga. Secara keseluruhan baik. Bisa dibilang resto legenda ya...,karena dari jaman kuliah(1999) sudah sering ke resto ini.
Jadi pas kesini berasa nostalgia dg mantan alias yg jadi suami sekarang hehe..

Suasana nyaman tenang,disetel musik yg tidak terlalu keras.jadi masih bisa makan sambil ngobrol.

Makanan bervariasi,rasanya lumayan enak.
Minuman juga banyak raga.,mulai dari yh panas sampe dingin.
Kalau pilih menu nasgor/migor jgn kaget ya kalau porsi jumbo(bisa unk 3 org)
Cocok banget unk makan beramai2.

Harga nya lumayan mahal menurut saya (mungkin menurut yg lain berbeda)

Parkir luas dan ada tukang parkir nya juga. Pelayanan cukup cepat, tempat bersih, makanan porsi besaaar, bisa untuk 2-3 orang nasi gorengnya.
Protokol kesehatan diterapkan dengan baik. Tempat yang nyaman untuk lunch atau dinner bareng keluarga atau rombongan. Namun ketika ramai pengunjung, parkir susah krn parkiran sangat terbatas. Menu favorit di sini berbagai macam nasi goreng dan mie goreng yang porsinya jumbo, bisa utk 3-4 orang. Selain itu, masih banyak menu lainnya antara lain rujak cingur. Makanannya enak, porsi besar, harga terjangkau... Tempatnya luas, asyik buat kumpul2. Dan ada live musicnya di atas... Porsi makanannya jga jumbo jd bisa share.. Harga terjangkau... Ada makanan berat ada yang ringan. Minuman biasa, juice, coffee semua ada Rasa masakan yg eindezz.. porsinya juga besar, bisa buat berdua or bertiga.. dalam suasana ruangan yg chozy Resto legendaris di kota surabaya, menawarkan aneka menu masakan indonesia dengan cita rasa yang menggugah selera. Pelayanan yang ramah dan cepat. Suasana resto yang nyaman menambah kenikmatan sajian di restoran. Tempat restoran favorit keluarga yang dari menu juga enak suasananya tenang dan pelayanan bagus. Tersedia toilet dan bangunan 2 lantai Yg namanya saos telor asin itu memang enak,
Apalagi kalo udang saos telor asin, hmmm hulala, haujej sencingping ğŸ‘ğŸ‘ğŸ‘ Makanan di wapo porsinya besar bisa untuk 4-5 orang.
Masakannya lumayan enak. Terutama rawonnya.... Mantap Makanan enak porsi besar kalau mau ngajak makan Family okey banget harga standart aja bahkan murah

Pastikan kalau kesini jangan Weekend ya
Ruame pesen capcay goreng enak kog gk berubah dr dulu... harga per tgl 24/11/2022 Josss...porsi kuli...ğŸ˜ ,rekomendasi..seneng bawa temanÂ² ke sini...harga pun standar dg porsi nya..ğŸ˜ğŸ‘,Posisi yg strategi juga..parkir luas....Mantap..ğŸ‘ğŸ‘ğŸ‘,,semoga di tingkatkan kualitas pelayanan dan kenyamanan pengunjung...ğŸ¤—ğŸ¤—
Semoga sukses... Nasi goreng paling enak yg pernah aku cobaa & harga nya worth it karena porsinya bisa utk 2-3 oranggg.. udah 20th lebih ga kesini, Alhamdulillah kesampean ke resto legend di surabaya iniğŸ˜ğŸ‘ bagus dan nyaman suasananya tenang dan menyenangkan oelayanan ramah sangat rami apalagi pd bulan puasa ini bila ingin buka bersama hrs datang dahulu bila rdk reaervasi tdk dpt meja untuk makan dan dpt takjil tp sayang q tdk dpt kebagian krn terbatas makanannya khas untuk resto ini prokes jg selalu d jaga ada tempat vuci tangan dan meja d sekat pakai kaca  selamat semoga terjaga terus spy sehat dan terhindar dari pandemi covid 19 Suasana nyaman, di lantai 2 lebih enak, udara lebih segar. Nasi goreng nya enak, kwetiauw nya enak, sayang jamur crispy nya pas habis. Salah satu restoran di Surabaya yang sudah lama berdiri. Terletak di pojok Jl. Airlangga. Menawarkan berbagai menu Chinese food dengan porsi yang melimpah. Untuk tempat makan nya sekarang cukup luas yang terdiri dari meja dan kursi. Pilihan menunya terdapat nasi goreng, mie goreng, fuyunghai, cap cay dan lain lain. Pelayanan cukup ramah. Terdapat area parkir yang cukup untuk mobil dan motor. Tempat yang cocok buat nostalgia, rasa masakan tetap tidak berubah, mantab Enak, nasi gorengnya porsi besar. Bisa buat 2-3 orang. Tempatnya juga nyaman. Family resto atau nongki bareng temen. Tempatnya bagus, bersih, rapi. Harganya memang lumayan agak mahal tapi satu porsi bisa dibagi untuk 3-4 orang kok. Rasanya enak terutama nasi gorengnya. Letaknya pun dekat dengan kampus dan rs. Cocok dibuat untuk nongkrong, santai ato mungkin meeting. Porsi super.... Enak..  Dijamin kenyang.  Tempat luas dekorasi bagus parkir luas,. Cocok buat buka bersama, kencan,  makan siang kantor dan bareng keluarga. Pelayanan bagus ramah dan bersih..  Dijamin nyaman Warung spesialis nasi dan mie goreng
Benar2 enak rasa nasi dan mie gorengnya, untuk menu lainnya rasanya tetap memuaskan, walaupun mungkin bisa lebih ditingkatkan lagi kualitas rasanya. Menu di wapo sangat bervariasi, dan enak. 1 porsi nasi goreng bisa mengenyangkan 2-3 orang dewasa. Cocok sekali untuk makan ramai-ramai bersama teman dan keluarga. Kalau tidak habis pun bisa minta dibungkus untuk dibawa pulang.

Pelayanan juga baik dan lumayan cepat. tempat ini sudah ada sejak jaman kuliah, dulu hanya warung pojok jalan dengan target konsumen mahasiswa Unair.
mulai dulu porsi jumbo yang bisa dimakan beramai-ramai.
sekarang menu makanan menjadi makin beragam.
dari lantai 2 pemandangan cukup bagus. Warung pojok yg masih bagus walau 21 th yg lalu tetep saja sama rasa dan tempat nya, keren dan recommended Emang dari dulu rasa tidak berubah ğŸ˜ Tempat makan keluarga yang mudah dan porsinya super banyak! Es tellernya kolang kalingnya empuk. Es jeruk nipis seger. Mean coursenya porsi besar. Harga sepadanlah. Tempatnya nyaman, fasilitas lengkap dan bersih, pelayanan juga sangat baik.? Recomended banget buat yang mau meeting/acara kantor bahkan yang mau makan keluarga pun juga sangat recomend Restoran ini menyediakan menu makanan nasi goreng,mi goreng, capcay, fuyunghay dll. Yg berbeda dengan tempat lain adalah pelayanan yg nyaman dan tempatnya sangat mudah dijangkau. Cocok untuk berkumpul bersama keluarga. Dalam satu menu dihidangkan dalam porsi jumbo, jadi bisa sharing antar anggota keluarga. Satu menu bisa dibagi untuk 3-4 orang Restoran terbaik.
Tempat parkirnya luas.
Toiletnya bersih ada 2 lantai 1 dan lantai 2.
Lantai 2 ada live musicnya mantab RM yang cocok untuk dijadikan tempat beristirahat bersama keluarga ataupun acara formal maupun non formal sama teman dan rekan kerja. Parkir luas, pelayanan baik, menu juga banyak. Sukanya, suasana tempatnya nyaman banget. Untuk harga memang lebih tinggi daripada yang lain. But, sesuai lah sama apa yg kita dapatğŸ’ makannya tetap enak, porsinya cukup besar. 1 porsi nasi goreng jawa+1 porsi kweetiuw bs buat 4 orang dewasa. Harga relatif, tp dg porsi segitu worth it lah. Tempatnya nyaman, menu makanan dan minumannya juga lumayan banyak pililihannya. Rekomended deh. Saya mengunjungi rumah makan Wapo ini saat acara buka bersama dengan teman-teman saya, tempatnya bersih dan nyaman, menurut saya di lantai 2 bagus untuk spot berfoto. Menunya sangat bervariasi dan posinya banyak cocok untuk makan bersama keluarga, teman dan lain-lain Selalu makan keluarga disini. Porsi byk, bs makan tengah/sharing berbagai menu dg keluarga. Rasa makanan & minuman enak juga. Cocok makan disini. Wapo Resto adalah tempat makan yang asyik buat nongkrong maupun buat makan. Makan siang maupun makan malam paling enak ya di Wapo Resto, untuk lokasinya pun strategis, karena terletak di belakang RS Graha Amerta dan dekat kampus Unair, menu makanannya juga banyak, ada nasi goreng ikan asin, nasi goreng wapo, kie goreng, kwetiauw goreng, kwetiauw seafood,dll.
Bagi kalian semua penggemar makan, tidak akan rugi, karena porsi makan nya banyak sekali,, harga juga terjangkau, jadi silakan saja langsung datang ke Wapo Resto untuk menikmati makanan dan minuman di Wapo Resto. Makanannya enak-enak, mulai dari chinese food, steak, indonesian food, berbagai snack, dan berbagai jenis minuman, jus, es campur, dsb. Porsinya cukup banyak, satu porsi bisa dimakan berdua, cocok untuk tempat makan rame2 dengan keluarga atau teman-teman. Tersedia lesehan juga di lantai atas. Sebaiknya reservasi dulu jika ingin makan beramai-ramai terutama jika weekend, karena sangat rame disini, sulit dapat meja terutama jika jam makan siang. Lumayan lama juga menunggu makanannya nuansa tempat meja dan kursi kayu yang ditata dengan rapi dan menunya yang terjangkau mrmbuat orang orang dari kalangan kecil sampai keatas bisa dan cocok untuk makan disini

disini juga mrmperbolehkan untuk membungkus makanan kita jika tidak habis saat dimakan ditempat Suasananya enak buat berkumpul bersama teman dan keluarga,makananya juga enak porainya banyak cocok buat makan bareng2 jika ada sisa bisa di bungkus dan di bawa pulang sehingga tidak mubazirğŸ˜ nasi goreng enak
mie goreng enak
sapi lada hitam enak
ayam goreng nya ga enak Makanannya enak, parkirannya memadai... beli nasi goreng dsni 1 porsi bs dimakan 3-5 org wkwkwk Lokasi nyaman sajiannya lumayan enak sangat nyaman utk bersendagurau bersama teman Makan enak terutama sambelnya mantab pas rasanya, harga boleh diadu, tempat serta suasananya juga ok, makan dengan keluarga besar atau teman kantor bisa.. Rasa tak terkalahkan era kaum 90s Suroboyo 1 harga porsi jumbo ber3 Resto legend di Surabaya. Makanan porsi besar. Menyediakan Chinese food, seafood dan makanan lainnya Tempat yg nyaman untuk keluarga. Porsinya juga jumbo pas banget untuk makan rame rame bareng teman atau pun keluarga, masalah rasa pasti top banget. Apalagi nasi gorengnya. Maknyus, satu lagi yg paling enak acarnya mantep pisan Resto langganan keluarga kami
Kami sering makan disini. Menunya enak, tempat nyaman, luas, parkir luas, lokasi pinggir jalan raya besar. Tempat favorit kumpul temen, tempat luas, parkir banyak, menu bervariasi dengan porsi jumbo, jadi kalau pesan 1 porsi tapi jenisnya banyak, dikerubutin rame2..","[{""reviewer"": ""Bustomi Menggugat"", ""text"": ""Pilihan menu lengkap. Ada asia, Indonesia. Lokasi dekat Unair kampus dan Masjid. Joss pokoknya.\n\nAda dua lantai. Enak di atas sih sembari liat lalu lalang kendaraan kota melintas.\n\nMenu nya porsi besar terutama nasi goreng. Jadi memang cocok bila kesini bersama keluarga atau teman dan makan bareng. Toilet bersih. Musola di belakang. Parkir sangat luas. Harga terjangkau.\n\nSalam\n\nSantri Jalanan"", ""stars"": 5}, {""reviewer"": ""Fajrin"", ""text"": ""Tempat makan di depan kampus B Unair. Enak. Pilihan makanan beragam, tempat luas, nuansanya agak tradisional. Rasanya enak. Menu favorit di sini udang telur asin. Juara! Walaupun makanan yang lain jg enak sih. Harganya lumayan pricey, cocok untuk makan bersmaa keluarga atau kolega."", ""stars"": 5}, {""reviewer"": ""Ratna Puspitasari"", ""text"": ""Terakhir kali ke Wapo beberapa tahun lalu. Bangunannya gak berubah sama sekali. Seingatnya dulu di lantai 1 meskipun pintu terbuka, ruangan tetap dingin.. tapi kemarin panas banget meskipun ada kipas yg menyala (padahal datang di malam hari).\n\nUntuk segi rasa masih sama persis, masih tetap enak banget. Nasi goreng yg porsinya jumbo pun masih sama persis rasanya. Saking jumbonya, jadi bisa dimakan 3-4 orang.\n\nPelayanannya juga masih mantap, langsung siap antar buku menu, kertas & pensil untuk pengunjung nulis pesanan dan juga menaruh piring sejumlah orang di meja tsb.\nUntuk bayar pesanan bisa di akhir, dengan menyebut nomor meja.\n\nLahan parkir cukup kecil untuk resto keluarga, karena kebanyakan datang pakai mobil jadi parkiran mudah penuh tapi untung ada jukir yg selalu stand by dan pintar mengaturnya."", ""stars"": 5}, {""reviewer"": ""Indri Mirsaputra"", ""text"": ""Masih menjadi tempat favorit untuk makan bersama yang cukup enak dan nyaman di dekat pusat kota, rsud soetomo dan unair. Malam hari lebih romantis. Sangat recommended untuk Lumpia Semarangnya, rasanya enaaakk poll!"", ""stars"": 5}, {""reviewer"": ""Valentina"", ""text"": ""Nyamann dan luas tempatnya terdapat 2 lantai bisa digunakan acara keluarga atau kumpul bareng temen-temen. Pelayanan juga gercep dan helpful. Makanan enak-enak paling fav Gurame bakar sama sambelnya, Joss."", ""stars"": 5}, {""reviewer"": ""Satrya Dwicaksana (Wicaksana Family)"", ""text"": ""Enak porsi buanyak poll. Asparagus bisa makan 2-3 orang. Nasi goreng mie goreng porsinya jumbo. Worth it banget"", ""stars"": 5}, {""reviewer"": ""Olivier Johannes Raap"", ""text"": ""Restoran dua lantai ini memiliki area merokok di lantai atas dan dikenal sebagai tempat makan yang kasual. Meski cukup ramai dan sedikit bising, suasananya tetap nyaman. Interior kayu dengan pencahayaan lembut menciptakan kesan hangat dan bersahabat. Harganya turut bersahabat dan porsinya melimpah."", ""stars"": 5}, {""reviewer"": ""Zenobio Z"", ""text"": ""Reuni tipis2 sama konco plek SMA dimari dengan suasana Wapo yg tidak berubah dari dulu, tetap ikonik dan masakan jg kayak biasae Jumbo size bisa dimakan berame rame dan tetap enak. Dan harga afordable , ok rekomend"", ""stars"": 5}, {""reviewer"": ""Niken Larasingtyas"", ""text"": ""baru pertama kali kesini kaget dengan porsinya porsi kuli.... dengan harga segitu 1 porsi nasgor/mie goreng bisa buat 3-4 orang.... cemilannya enak2 semua berasa, tapi minum nya jgn mahal2 dong huhuğŸ¥¹ğŸ¥¹ğŸ¥¹"", ""stars"": 5}, {""reviewer"": ""ayu sutariasih"", ""text"": ""Tempat makan berkesan sejak jaman kuliah, kalo ke Surabaya disempatkan kesini lagi. Porsi sharing, pesan secukupnya dulu, kalo kurang bisa nambah."", ""stars"": 5}, {""reviewer"": ""Muhammad Imam Rizqi Ramadhan"", ""text"": ""Kirain tutup saat hari lebaran, ternyata buka dan kondisinya rame sekali. Saat mau parkir saja, kami harus menunggu sebentar hingga ada mobil yang keluar.\n\nMilih makan di lantai 1, karena di lantai 2 ternyata di khususkan sebagai smoking area. Untuk menunya sudah tersedia di meja masing-masing dan kami hanya menunggu untuk pelayanannya memberikan kertas dan pensil untuk menuliskan pesanan.\n\nWalaupun mendapat pesanan dalam jumlah banyak dan dalam waktu yang cukup berdekatan, pelayanannya yang di berikan bisa dibilang sangat bagus. Tidak perlu menunggu terlalu lama hingga semua pesanan sampai.\n\nUntuk menunya sangat bervariasi, mungkin karena hari lebaran ya, ada beberapa menu yang tidak tertulis, seperti cap cay goreng dan puyunghai. Sebenarnya menu tersebut tersedia, akan memang tidak tertulis di menu.\n\nBaik dari makanan dan pelayanannya sudah sangat bagus, worth itu dengan harga segitu."", ""stars"": 5}, {""reviewer"": ""Arwan Irwanto"", ""text"": ""Mantaps masakannya,GK pernah berubah rasanyaa dari duluu"", ""stars"": 5}, {""reviewer"": ""Deden"", ""text"": ""Makannya semua berasa bgt bumbunya. Porsinya jg melimpah dgn hrga bersahabat, 1porsi Nasi Goreng/mie goreng bisa kita makan ber 2-3, blom lg ikan guramenya jg besar, pokoknya sy dan tmn2 puas bgt makan diresto ini mana pelayan mba2nya ramah jg cekatan sy request meja kursi yg lesehan lsg disiapkan pdhl msh tgu ada yg nempatinnya mrk segera menyiapkan saat tmpnya saat pengunjung selesai makan, thx ya mba pelayanan nya (sy 2x kesana berturut2)"", ""stars"": 5}, {""reviewer"": ""Wahyu Muach"", ""text"": ""Suasana ramai. Banyak yang buka puasa. Penyajian makanan tidak terlalu lama. Kikil sapi masih panas dan tentu saja enak ğŸ‘ğŸ» rekomended untuk makan bersama keluarga, rekan kerja atau acara lain."", ""stars"": 5}, {""reviewer"": ""Dapur Nawira"", ""text"": ""Makan siang bersama undangan keluarga waktu 17 Agustus 25 kemarin. Masih seperti dulu waktu SMA kesini, porsinya banyak dan enak. Menu pilihannya semakin beragam. Tempatnya luas dan bersih, pelayanan ramah. Perkiraannya luas."", ""stars"": 5}, {""reviewer"": ""Bhisma Setiawan"", ""text"": ""Mantap\nTempat sejak jaman muda dulu\ndulu\nSembari nostalgia"", ""stars"": 5}, {""reviewer"": ""-tony-"", ""text"": ""Makan disini dijamin puas karena porsinya yg banyak. Rasa makanan cukup baik. Terimakasih"", ""stars"": 5}, {""reviewer"": ""nana chandra"", ""text"": ""30 Desember 24 , Acara malam tahun baru bareng karyawan sekitaran 50 orang\npesan menu paketan\n2 Paket Nusantara\n1 Paket Oriental\n2 Gurami Asam Manis\n10 Nasi Putih\n1 Ayam Bakar\n1 Mie Kuah Jawa\n1 Nasgor Jawa\n1 Nasgor Wapo\n1 Penyetan komplit\n1 Soup Buntut\n1 Soup Buntut Goreng\n1 es Kelapa Muda\n6 es Teh Manis\n2 es Teh Tawar\nsemua rasa masakkan nya lumayan yah\nPorsi juga oke ğŸ‘ğŸ»\nHarga juga oke ğŸ‘ğŸ»\nPelayanan mbak dan mas nya oke banget lah â­â­â­â­\nKebersihan resto baik\nRuang resto menurut saya terlalu sempit yah\njarak terlalu berdekatan membuat orang kurang nyaman untuk wira wiri\nTersedia parkir yang cukup luas"", ""stars"": 5}, {""reviewer"": ""Ferdian PPF"", ""text"": ""Salah satu resto ramai di surabaya dengan lokasi yang strategis tepat di sebelah utara Unair Kampus B & di sebelah timur pojok graha Amerta RSUD Dr Soetomo.\nMenu dan variasinya cukup banyak, rasanya OK dan harganya cukup terjangkau diantara resto resto pesaing lainnya.\nPelayanannya cukup baik dan cepat meskipun menu yang dipilih cukup beraneka ragam.\nTerdiri dari 2 lantai, lantai 1 non smoking area, lantai 2 smoking area. Kekurangannya memang fasilitas dan kapasitas parkir yang cukup terbatas khususnya untuk mobil, mungkin max bisa menampung skitar 20 mobil.\nJangan lupa, untuk jam buka restoran ini cukup siang dibanding beberapa restoran yang lain yaitu sekitar pukul 11.30. Hari ini kebetulan berkunjung lagi ke WAPO dan menempati lantai 2. Secara tempat jika di lantai 2 cukup Oke, lega dan gk panas karena ruangannya semi open sehingga sirkulasi udara di lantai 2 sangat bagus dan juga di lantai 2 juga tersedia juga toilet sehingga tidak perlu turun ke lantai 1. Jika belum pernah mencoba, mungkin bisa mencoba nya terutama jika ada agenda keluarga atau sekedar berkumpul bersama teman teman kantor atau teman lainnya.\nbukber disini asli rame banget... sambil menunggu waktu berbuka sempat jalan2 di pasar ramadhan karanga menjangan yang rame banget"", ""stars"": 5}, {""reviewer"": ""oki chandra nagara"", ""text"": ""Selain porsinya besar dan bisa buat rameÂ².. EnakÂ²juga masakannya.."", ""stars"": 5}, {""reviewer"": ""Eni Suparyati"", ""text"": ""Enak semua sayang parkiran roda 4 terbatas dan harus antri utk bs masuk krn pas diperempatan jalan"", ""stars"": 5}, {""reviewer"": ""M FAHMI MUNAWAR"", ""text"": ""Wapo tempat makan yang porsinya besar besar apalagi nasi gorengnya, untuk makananya banyak pilihannya dari perdagingan sampek perikanan, sering rame dan parkirnya berbayar tapi sangat membantu dalam memarkirkan kendaraan kita, cocok untuk makan bersama pasangan maupun keluarga dan harganya juga masih standart harga makanan di surabaya, tetep nasi goreng yang recomended disini"", ""stars"": 5}, {""reviewer"": ""Hadi Sudibyo"", ""text"": ""Luar biasa, saya booking untuk 20 orang. Pesen menu paket 2, masing - masing infonya bisa buat 10 orang. Tapi ternyata porsinya besar, terutama penyetan nya ternyata pakai wadah besar, 2 paket dapat 4 wadah besar...sampai selesai akhirnya dibungkus2in karena pada nggak habis.\nPelayanan juga ok dan ramah...mantab...keep perform wapo resto..."", ""stars"": 5}, {""reviewer"": ""Indra Ariefianto"", ""text"": ""Restoran yang terkenal dengan porsinya yang besar, dengan harga yang sangat sepadan dengan rasa dan porsinya.\nRestoran ini cocok untuk acara keluarga, reunian, kumpul,  ataupun bukber.\nSalah satu menu favoritnya adalah nasi goreng merah khas Suroboyoan. Menu lainnya pun tak kalah enaknya.\nLahan parkirnya cukup luas dan ada musholla di belakang restorannya."", ""stars"": 5}, {""reviewer"": ""Sasha Barliandin"", ""text"": ""Cocok buat mkn bareng kluarga atau reuni teman2, bersih, makanan enak sih mulai dr chinese sampai indo food, porsi bisa biat 2-3 org 1 menunya. lumayan cpt dtgnya mknan, bs qris bisa debit card"", ""stars"": 5}, {""reviewer"": ""Donny Sheyoputra"", ""text"": ""Depot legendaris sejak 1995, dulu banyak didatangi mahasiswa Unair. Nasi Gorengnya terkenal. Namun sekarang agak mahal untuk ukuran mahasiswa."", ""stars"": 5}, {""reviewer"": ""Rina Tri Lestari"", ""text"": ""Tempat makan langganan sama teman-teman kuliah kalau lagi ada acara kumpul-kumpul. Menunya beragam dengan porsi yang besar, terutama nasi gorengnya. Bukan hanya makanan utama, di sini juga tersedia pilihan makanan kecil dan berbagai pilihan minuman. Harga cukup terjangkau.\nLokasinya dekat Kampus B Universitas Airlangga. Posisinya di pojok, ujung jalan menuju Karangmenjangan jadi bagi yang belum kenal daerah sini kalau sudah dekat agak pelan untuk masuk ke parkiran biar tidak kebablasan. Parkirannya luas, berada di samping."", ""stars"": 5}, {""reviewer"": ""Safa Nina"", ""text"": ""Resto yg super duper positif. Layanan ramah & cepat. Rasanya enak & porsi jumbo. Saya pesan nasi goreng hongkong, nasi goreng jawa, soto daging, lontong, es campur durian, lemon tea, es degan, milkshake chocolate SEMUANYA EEENAAAKKKK. Parkir luas & nyaman. Pesan dulu, makan, baru bayar. Sangat recomended ğŸ‘ğŸ‘ğŸ‘"", ""stars"": 5}, {""reviewer"": ""Yuliasti Ika"", ""text"": ""Tempat makan yang menyediakan dengan varian sangat banyak, mulai dari menu nusantara hingga chinese food. Masakannya enam dan sedap, porsinya banyak, jadi yang makannya banyak, aman laah disini. Cocok buat makan bareng keluarga atau sekedar meeting point disini.\n\nWapo ini bersih, bagus, dan estetik dengan nuansa tradisional Jawa dan kalau malam hari dihiasi lampu temaram warna kuning. Tempat ini terdiri dengan area dua lantai. Pada lantai bawah ialah no smoking area, dilengkapi dengan AC, dan untuk lantai atas adalah semi outdoor, yakni seating area untuk para perokok, dan yang ingin merasakan angin dari luar, lumayan kenceng anginnya kadang hehe\n\nArea resto ini cukup besar untuk tampungan kapasitasnya, kedua lantai ini akan menampung tamu hingga 200 orang lebih.\n\nKebersihan oke, pelayanan baik dan ramah. Toilet bersih.\n\nArea parkir cukup luas di bawah baik untuk R2 maupun R4.\n\nğŸŒŸ Jika ulasan ini cukup membantu, boleh donk kasih support dengan like di postingan ini biar saya makin semangat nulis review di Google Maps. Terima kasih ğŸ˜‰"", ""stars"": 5}, {""reviewer"": ""Erlyn Kristanti"", ""text"": ""Porsi jumbo, untuk nasi goreng, mie goreng bisa untuk 4 orang. Meskipun porsi jumbo tapi rasa dan kualitasnya tidak asal-asalan. Pelayanannya cepat dan ramah, tempat parkir luas, hanya saja toiletnya yang sangat tidak nyaman, bidet rusak dan airnya menyala kecil sekali"", ""stars"": 5}, {""reviewer"": ""dimi ismanto"", ""text"": ""Parkiran luas dan aman...\nMakanan harga lumayan, tp sebanding dengan porsi besar dan rasa yg menurut saya  enak dan original old Chinese food.\nHarga minuman klas cafe . Suasana agak gelap... AC kurang dingin.. tp cukup nyaman utk makan bersama kluarga..."", ""stars"": 5}, {""reviewer"": ""Wras Ridwan"", ""text"": ""Sudah ada sejak lebih dari dua puluh tahun yang lalu. Parkiran luas. Menunya bervariasi, mulai olahan nasi, ayam, daging, aneka minuman hangat dan dingin. Harganya relatif mahal untuk ukuran mahasiswa, namun porsinya jumbo. Memang cocok untuk makan rame-rame."", ""stars"": 5}, {""reviewer"": ""Trie Ghon"", ""text"": ""Tempatnya rame, rasa Nasi goreng enak, kl pesen 'pedes' mk dpt 'pedes bgt' dan utk porsi.. yg blm pnh coba mk anda akan kaget, krn byk sekali, bs utk mkn ber tiga. ğŸ˜ğŸ˜"", ""stars"": 5}, {""reviewer"": ""ida fah"", ""text"": ""Setelah sekian purnama, baru kesini lagi.\nKalo soal harga lumayan tinggi, aq pesen es degan leci hrg 30rb an lebih ğŸ˜ğŸ˜ğŸ˜ğŸ˜"", ""stars"": 5}, {""reviewer"": ""Happy ayu nabilla"", ""text"": ""Pelayanan Ramah. dan cepat wort it banget buat acara besar karna luas."", ""stars"": 5}, {""reviewer"": ""Muhammad Ridwan"", ""text"": ""Pelayanan ramah dan cekatan. Makanan enakÂ² ada chinese food dan indonesian food. Porsi nasi goreng lumayan banyak bisa makan 1 smpai 3 org. Bumbu bakaran enakkk ayamnya uempuk. Suasana tenang dan cozy alaÂ² rumah jawa. Ada 2 lantai, lantai 1 indoor, lantai 2 semi outdoor. Di lantai dua ada live musik di hari2 tertentu. Parkiran luas banget. Memuaskan"", ""stars"": 5}, {""reviewer"": ""Ali Zen"", ""text"": ""Makanan Sama Seperti Dulu, Tapi Harga Agak Mahal Dikit Mngkin Krna pajak ny Naik Jga, Tpi pelayanan Fast Respon..."", ""stars"": 5}, {""reviewer"": ""Dwi Herni"", ""text"": ""Wapo~warung pojok\nResto yang letaknya di pojokan, terdiri dari dua lantai.\nTempatnya nyaman dan parkirannya luas.\nMakanannya enak dengan porsi besar dengan harga terjangkau.\nPelayanannya bagus, cepat Dan Ramah."", ""stars"": 5}, {""reviewer"": ""Wayan Meila"", ""text"": ""Makanannya enak.. porsi banyak.. harga mahasiswa.. menu andalan nasi goreng, kwetiau, koloke, dll Lokasi strategis dekat kampus unair, interior nyaman, parkir cukup luas, bangunan 2 lantai, cocok buat kongkow atau meeting dengan kolega."", ""stars"": 5}, {""reviewer"": ""wendy & mila"", ""text"": ""Tetap seperti dahulu....yang namanya nasi goreng tetap sebanyak itu.sesuai harga 2porsi.jadi KLO mau pesan lihat dulu jangan kebanyakan UPS tapi bisa dibungkus tenang saja."", ""stars"": 5}, {""reviewer"": ""Naomi"", ""text"": ""enak bangett! resto langganan keluarga dari jaman aku kecil. sekarang harganya mostly di 58k an. tapi tetep enak kok makanannya porsinya pun jumboo bisa buat 3-5 orang. minusnya ruangannya pengap & lebih panas ya sekarang. mungkin ac bisa ditambahin lagi."", ""stars"": 5}, {""reviewer"": ""Alfiana Nur Aisyah"", ""text"": ""sangat cocok buat makan bersama keluarga ataupun teman karena cita rasa masakannya yang enak sesuai dengan harganya dan ada beberapa menu dengan porsi jumbo yaitu nasi goreng jumbonya yang cukup untuk 3 orang. Parkirannya juga luas dan di lantai atas ada bale bengongnya."", ""stars"": 5}, {""reviewer"": ""vanti totti"", ""text"": ""Yg jadi favorite slalu mie goreng,jamur crsipy,sop buntut & sayur asem juga enak.\nLayanan meskipun mbak\""nya kadang masih ada yg ngelamun tp pelayanan smuanya baik.\nSuasana mendukung klo di atas lebih santai makan,ngobrol dengan klg,relasi atau teman."", ""stars"": 5}, {""reviewer"": ""Wilian Albert Audrey"", ""text"": ""Wah.... Wapo sekarang ama gua jaman tahun 1999 beda banget yah.... Kayaknya asyik buat temen temen kumpul reuni.... Hoooiii.... Mita, indra.... Guys kalian pada dimana broooo"", ""stars"": 5}, {""reviewer"": ""Rio Nanda Imannuel"", ""text"": ""Tempat parkir luas\nAda parkir motor dan mobil\nMenu makanan ala Chinese food\nPorsi besar, jadi kalau mesen satu macem menu aja kayak nasi goreng itu bisa buat 1-3 orang\nEs teh nya ukuran medium, walaupun gak ada yang jumbo tapi udah cukup banyak\nHarga? Yah sesuai kualitas makanan nya, enak dan ngenyangin perut, harga diatas rata-rata masakan Chinese food, itupun masih ada charger atau tax\nTempat makan nya luas dan nyaman banget dan sejuk\nCuma tidak ada fasilitas wifi\nAda toilet nya\nTempat cuci diluar sebelum masuk ada"", ""stars"": 5}, {""reviewer"": ""Akhmad Riadi Maridin"", ""text"": ""Sebelum pesan harap di tanya dulu,\nMakan berdua pesan\n1) Mie Goreng\n2) Rawon Daging Spesial\n3) Sop Buntut\n\nDi kira porsinya pas ternyata banyak kali\n\nCocok untuk bawa keluarga atau makan besar kantor atau perkumpulan"", ""stars"": 5}, {""reviewer"": ""Angga Bajigur"", ""text"": ""Makanannya enak2,harga yaa lumayan lah tapi sesuai dengan porsi jumbo nya per menu,tempat jg cukup nyaman dan cocok untuk makan-makan bersama keluarga"", ""stars"": 5}, {""reviewer"": ""Sau Leen"", ""text"": ""uda sejak jaman gw Sma nih tempat.ampe skrg masih bertahan ğŸ¤˜\nsetelah belasan tahun, br hari ini kesini lagi.\nmakanan ttp standart, cm gurame nya kurang sip hari ini masih sedikit bau apaaa gitu..makanan dan minuman lainnya masih aman..\nservis masih ok seperti dulu, minta bungkus makanan sisa masih dilayanin dg baik. ğŸ‘\nsuasana rame ya padahal ini bukan weekend..\nmeski rame tp masih bisa terkoordinir dg cukup baik.\nparkir luas motor dan mobil..\ndah itu aja\n\nedited : 23 feb 24\nkesini lagi, di lt 2.\nnasi goreng agak keasinan, mie goreng nya terlalu manis..\ngamasalah si..\nheran aja koq bisa berubah ya rasanya.."", ""stars"": 5}, {""reviewer"": ""Aditya"", ""text"": ""Kuliah di kampus sebelah restonya  dari '99-'02 tempatnya beberapa ada yang berubah ada yang tidak, salah satunya kalo kasi uang parrkir tidak seiklhas jaman kuliah ğŸ˜†ğŸ˜‚ğŸ¤­\n\nMakanan ok\nSuasana ok\nâ­â­â­â­â­\n\nSalam"", ""stars"": 5}, {""reviewer"": ""Karya Jaya Abadi"", ""text"": ""tempat favorit klo makan bareng keluarga..suasananya nyaman...makanannya juga memiliki rasa yang mantabs."", ""stars"": 5}, {""reviewer"": ""Avif Andrianto"", ""text"": ""Lokasinya samping jalan raya sehingga mudah ditemukan. Perkirannya luas baik motor dan mobil pkus ada jukirnya. Tempatnya bersih dan nyaman namun kl full pengunjung jd panas walaupun ada kipas angin and ACnya. Pelayannya ramah dan cepat datang pesanan kita. Rasa manakannya enak plus porsinya jumbo. Harganya nyaman dikantong kok. Ada musicnya juga kok jd gk sepi saat di dlm resto. Ada toilet and musholahnya juga. Secara keseluruhan baik."", ""stars"": 5}, {""reviewer"": ""Dianasri Safitri"", ""text"": ""Bisa dibilang resto legenda ya...,karena dari jaman kuliah(1999) sudah sering ke resto ini.\nJadi pas kesini berasa nostalgia dg mantan alias yg jadi suami sekarang hehe..\n\nSuasana nyaman tenang,disetel musik yg tidak terlalu keras.jadi masih bisa makan sambil ngobrol.\n\nMakanan bervariasi,rasanya lumayan enak.\nMinuman juga banyak raga.,mulai dari yh panas sampe dingin.\nKalau pilih menu nasgor/migor jgn kaget ya kalau porsi jumbo(bisa unk 3 org)\nCocok banget unk makan beramai2.\n\nHarga nya lumayan mahal menurut saya (mungkin menurut yg lain berbeda)\n\nParkir luas dan ada tukang parkir nya juga."", ""stars"": 5}, {""reviewer"": ""Bahiratul Nahdliyah"", ""text"": ""Pelayanan cukup cepat, tempat bersih, makanan porsi besaaar, bisa untuk 2-3 orang nasi gorengnya.\nProtokol kesehatan diterapkan dengan baik."", ""stars"": 5}, {""reviewer"": ""Nurin Hidayati"", ""text"": ""Tempat yang nyaman untuk lunch atau dinner bareng keluarga atau rombongan. Namun ketika ramai pengunjung, parkir susah krn parkiran sangat terbatas. Menu favorit di sini berbagai macam nasi goreng dan mie goreng yang porsinya jumbo, bisa utk 3-4 orang. Selain itu, masih banyak menu lainnya antara lain rujak cingur."", ""stars"": 5}, {""reviewer"": ""Sofia Yustiani"", ""text"": ""Makanannya enak, porsi besar, harga terjangkau..."", ""stars"": 5}, {""reviewer"": ""valentine sigalingging"", ""text"": ""Tempatnya luas, asyik buat kumpul2. Dan ada live musicnya di atas... Porsi makanannya jga jumbo jd bisa share.. Harga terjangkau... Ada makanan berat ada yang ringan. Minuman biasa, juice, coffee semua ada"", ""stars"": 5}, {""reviewer"": ""Tjut Sriyana"", ""text"": ""Rasa masakan yg eindezz.. porsinya juga besar, bisa buat berdua or bertiga.. dalam suasana ruangan yg chozy"", ""stars"": 5}, {""reviewer"": ""Dhandi Triyono"", ""text"": ""Resto legendaris di kota surabaya, menawarkan aneka menu masakan indonesia dengan cita rasa yang menggugah selera. Pelayanan yang ramah dan cepat. Suasana resto yang nyaman menambah kenikmatan sajian di restoran."", ""stars"": 5}, {""reviewer"": ""Alfian Ardi Fajrin"", ""text"": ""Tempat restoran favorit keluarga yang dari menu juga enak suasananya tenang dan pelayanan bagus. Tersedia toilet dan bangunan 2 lantai"", ""stars"": 5}, {""reviewer"": ""Indolion Channel (ç´…ç™½è™)"", ""text"": ""Yg namanya saos telor asin itu memang enak,\nApalagi kalo udang saos telor asin, hmmm hulala, haujej sencingping ğŸ‘ğŸ‘ğŸ‘"", ""stars"": 5}, {""reviewer"": ""Lailly Gifiza"", ""text"": ""Makanan di wapo porsinya besar bisa untuk 4-5 orang.\nMasakannya lumayan enak. Terutama rawonnya.... Mantap"", ""stars"": 5}, {""reviewer"": ""jupri massaid"", ""text"": ""Makanan enak porsi besar kalau mau ngajak makan Family okey banget harga standart aja bahkan murah\n\nPastikan kalau kesini jangan Weekend ya\nRuame"", ""stars"": 5}, {""reviewer"": ""Ukhti Novie"", ""text"": ""pesen capcay goreng enak kog gk berubah dr dulu... harga per tgl 24/11/2022"", ""stars"": 5}, {""reviewer"": ""Akhyarharamain Akhyar"", ""text"": ""Josss...porsi kuli...ğŸ˜ ,rekomendasi..seneng bawa temanÂ² ke sini...harga pun standar dg porsi nya..ğŸ˜ğŸ‘,Posisi yg strategi juga..parkir luas....Mantap..ğŸ‘ğŸ‘ğŸ‘,,semoga di tingkatkan kualitas pelayanan dan kenyamanan pengunjung...ğŸ¤—ğŸ¤—\nSemoga sukses..."", ""stars"": 5}, {""reviewer"": ""Luluk Latifah"", ""text"": ""Nasi goreng paling enak yg pernah aku cobaa & harga nya worth it karena porsinya bisa utk 2-3 oranggg.. udah 20th lebih ga kesini, Alhamdulillah kesampean ke resto legend di surabaya iniğŸ˜ğŸ‘"", ""stars"": 5}, {""reviewer"": ""Rahayu Wuryani"", ""text"": ""bagus dan nyaman suasananya tenang dan menyenangkan oelayanan ramah sangat rami apalagi pd bulan puasa ini bila ingin buka bersama hrs datang dahulu bila rdk reaervasi tdk dpt meja untuk makan dan dpt takjil tp sayang q tdk dpt kebagian krn terbatas makanannya khas untuk resto ini prokes jg selalu d jaga ada tempat vuci tangan dan meja d sekat pakai kaca  selamat semoga terjaga terus spy sehat dan terhindar dari pandemi covid 19"", ""stars"": 5}, {""reviewer"": ""Febri NW"", ""text"": ""Suasana nyaman, di lantai 2 lebih enak, udara lebih segar. Nasi goreng nya enak, kwetiauw nya enak, sayang jamur crispy nya pas habis."", ""stars"": 5}, {""reviewer"": ""Heru Trianto"", ""text"": ""Salah satu restoran di Surabaya yang sudah lama berdiri. Terletak di pojok Jl. Airlangga. Menawarkan berbagai menu Chinese food dengan porsi yang melimpah. Untuk tempat makan nya sekarang cukup luas yang terdiri dari meja dan kursi. Pilihan menunya terdapat nasi goreng, mie goreng, fuyunghai, cap cay dan lain lain. Pelayanan cukup ramah. Terdapat area parkir yang cukup untuk mobil dan motor."", ""stars"": 5}, {""reviewer"": ""Sulaiman Leman"", ""text"": ""Tempat yang cocok buat nostalgia, rasa masakan tetap tidak berubah, mantab"", ""stars"": 5}, {""reviewer"": ""Nur Aliffa Muliawati"", ""text"": ""Enak, nasi gorengnya porsi besar. Bisa buat 2-3 orang. Tempatnya juga nyaman. Family resto atau nongki bareng temen."", ""stars"": 5}, {""reviewer"": ""resti pratiwi"", ""text"": ""Tempatnya bagus, bersih, rapi. Harganya memang lumayan agak mahal tapi satu porsi bisa dibagi untuk 3-4 orang kok. Rasanya enak terutama nasi gorengnya. Letaknya pun dekat dengan kampus dan rs. Cocok dibuat untuk nongkrong, santai ato mungkin meeting."", ""stars"": 5}, {""reviewer"": ""Tri Widayanti"", ""text"": ""Porsi super.... Enak..  Dijamin kenyang.  Tempat luas dekorasi bagus parkir luas,. Cocok buat buka bersama, kencan,  makan siang kantor dan bareng keluarga. Pelayanan bagus ramah dan bersih..  Dijamin nyaman"", ""stars"": 5}, {""reviewer"": ""Rio Akbar Hidayah"", ""text"": ""Warung spesialis nasi dan mie goreng\nBenar2 enak rasa nasi dan mie gorengnya, untuk menu lainnya rasanya tetap memuaskan, walaupun mungkin bisa lebih ditingkatkan lagi kualitas rasanya."", ""stars"": 5}, {""reviewer"": ""Ainayya Fathiyatul Izza"", ""text"": ""Menu di wapo sangat bervariasi, dan enak. 1 porsi nasi goreng bisa mengenyangkan 2-3 orang dewasa. Cocok sekali untuk makan ramai-ramai bersama teman dan keluarga. Kalau tidak habis pun bisa minta dibungkus untuk dibawa pulang.\n\nPelayanan juga baik dan lumayan cepat."", ""stars"": 5}, {""reviewer"": ""Vivien Nafia Muhammad"", ""text"": ""tempat ini sudah ada sejak jaman kuliah, dulu hanya warung pojok jalan dengan target konsumen mahasiswa Unair.\nmulai dulu porsi jumbo yang bisa dimakan beramai-ramai.\nsekarang menu makanan menjadi makin beragam.\ndari lantai 2 pemandangan cukup bagus."", ""stars"": 5}, {""reviewer"": ""Meiliyaningsih Handayani"", ""text"": ""Warung pojok yg masih bagus walau 21 th yg lalu tetep saja sama rasa dan tempat nya, keren dan recommended"", ""stars"": 5}, {""reviewer"": ""Christine Nathalia"", ""text"": ""Emang dari dulu rasa tidak berubah ğŸ˜"", ""stars"": 5}, {""reviewer"": ""septi riyani maulida"", ""text"": ""Tempat makan keluarga yang mudah dan porsinya super banyak!"", ""stars"": 5}, {""reviewer"": ""Junita Karunia"", ""text"": ""Es tellernya kolang kalingnya empuk. Es jeruk nipis seger. Mean coursenya porsi besar. Harga sepadanlah."", ""stars"": 5}, {""reviewer"": ""Anggasatria Pratama"", ""text"": ""Tempatnya nyaman, fasilitas lengkap dan bersih, pelayanan juga sangat baik.? Recomended banget buat yang mau meeting/acara kantor bahkan yang mau makan keluarga pun juga sangat recomend"", ""stars"": 5}, {""reviewer"": ""rizka ayu yuniar"", ""text"": ""Restoran ini menyediakan menu makanan nasi goreng,mi goreng, capcay, fuyunghay dll. Yg berbeda dengan tempat lain adalah pelayanan yg nyaman dan tempatnya sangat mudah dijangkau. Cocok untuk berkumpul bersama keluarga. Dalam satu menu dihidangkan dalam porsi jumbo, jadi bisa sharing antar anggota keluarga. Satu menu bisa dibagi untuk 3-4 orang"", ""stars"": 5}, {""reviewer"": ""Muhammad Natsir"", ""text"": ""Restoran terbaik.\nTempat parkirnya luas.\nToiletnya bersih ada 2 lantai 1 dan lantai 2.\nLantai 2 ada live musicnya mantab"", ""stars"": 5}, {""reviewer"": ""Nurul Eliyanti"", ""text"": ""RM yang cocok untuk dijadikan tempat beristirahat bersama keluarga ataupun acara formal maupun non formal sama teman dan rekan kerja. Parkir luas, pelayanan baik, menu juga banyak. Sukanya, suasana tempatnya nyaman banget. Untuk harga memang lebih tinggi daripada yang lain. But, sesuai lah sama apa yg kita dapatğŸ’"", ""stars"": 5}, {""reviewer"": ""Andi Dwi"", ""text"": ""makannya tetap enak, porsinya cukup besar. 1 porsi nasi goreng jawa+1 porsi kweetiuw bs buat 4 orang dewasa. Harga relatif, tp dg porsi segitu worth it lah."", ""stars"": 5}, {""reviewer"": ""R Win"", ""text"": ""Tempatnya nyaman, menu makanan dan minumannya juga lumayan banyak pililihannya. Rekomended deh."", ""stars"": 5}, {""reviewer"": ""Ulul Tri Utami"", ""text"": ""Saya mengunjungi rumah makan Wapo ini saat acara buka bersama dengan teman-teman saya, tempatnya bersih dan nyaman, menurut saya di lantai 2 bagus untuk spot berfoto. Menunya sangat bervariasi dan posinya banyak cocok untuk makan bersama keluarga, teman dan lain-lain"", ""stars"": 5}, {""reviewer"": ""opii 1116"", ""text"": ""Selalu makan keluarga disini. Porsi byk, bs makan tengah/sharing berbagai menu dg keluarga. Rasa makanan & minuman enak juga. Cocok makan disini."", ""stars"": 5}, {""reviewer"": ""Hudhan Adhajuli"", ""text"": ""Wapo Resto adalah tempat makan yang asyik buat nongkrong maupun buat makan. Makan siang maupun makan malam paling enak ya di Wapo Resto, untuk lokasinya pun strategis, karena terletak di belakang RS Graha Amerta dan dekat kampus Unair, menu makanannya juga banyak, ada nasi goreng ikan asin, nasi goreng wapo, kie goreng, kwetiauw goreng, kwetiauw seafood,dll.\nBagi kalian semua penggemar makan, tidak akan rugi, karena porsi makan nya banyak sekali,, harga juga terjangkau, jadi silakan saja langsung datang ke Wapo Resto untuk menikmati makanan dan minuman di Wapo Resto."", ""stars"": 5}, {""reviewer"": ""Noer Halimatus Syakdiyah"", ""text"": ""Makanannya enak-enak, mulai dari chinese food, steak, indonesian food, berbagai snack, dan berbagai jenis minuman, jus, es campur, dsb. Porsinya cukup banyak, satu porsi bisa dimakan berdua, cocok untuk tempat makan rame2 dengan keluarga atau teman-teman. Tersedia lesehan juga di lantai atas. Sebaiknya reservasi dulu jika ingin makan beramai-ramai terutama jika weekend, karena sangat rame disini, sulit dapat meja terutama jika jam makan siang. Lumayan lama juga menunggu makanannya"", ""stars"": 5}, {""reviewer"": ""zahid bro"", ""text"": ""nuansa tempat meja dan kursi kayu yang ditata dengan rapi dan menunya yang terjangkau mrmbuat orang orang dari kalangan kecil sampai keatas bisa dan cocok untuk makan disini\n\ndisini juga mrmperbolehkan untuk membungkus makanan kita jika tidak habis saat dimakan ditempat"", ""stars"": 5}, {""reviewer"": ""silvia yuni"", ""text"": ""Suasananya enak buat berkumpul bersama teman dan keluarga,makananya juga enak porainya banyak cocok buat makan bareng2 jika ada sisa bisa di bungkus dan di bawa pulang sehingga tidak mubazirğŸ˜"", ""stars"": 5}, {""reviewer"": ""Arief Prasetyawan"", ""text"": ""nasi goreng enak\nmie goreng enak\nsapi lada hitam enak\nayam goreng nya ga enak"", ""stars"": 5}, {""reviewer"": ""KAKAK GRACE"", ""text"": ""Makanannya enak, parkirannya memadai... beli nasi goreng dsni 1 porsi bs dimakan 3-5 org wkwkwk"", ""stars"": 5}, {""reviewer"": ""Supriadi Adi"", ""text"": ""Lokasi nyaman sajiannya lumayan enak sangat nyaman utk bersendagurau bersama teman"", ""stars"": 5}, {""reviewer"": ""Raboen R"", ""text"": ""Makan enak terutama sambelnya mantab pas rasanya, harga boleh diadu, tempat serta suasananya juga ok, makan dengan keluarga besar atau teman kantor bisa.."", ""stars"": 5}, {""reviewer"": ""Aldila Rofi (Metric hospitality)"", ""text"": ""Rasa tak terkalahkan era kaum 90s Suroboyo 1 harga porsi jumbo ber3"", ""stars"": 5}, {""reviewer"": ""Aditya Sakti"", ""text"": ""Resto legend di Surabaya. Makanan porsi besar. Menyediakan Chinese food, seafood dan makanan lainnya"", ""stars"": 5}, {""reviewer"": ""Febrina Ernawati"", ""text"": ""Tempat yg nyaman untuk keluarga. Porsinya juga jumbo pas banget untuk makan rame rame bareng teman atau pun keluarga, masalah rasa pasti top banget. Apalagi nasi gorengnya. Maknyus, satu lagi yg paling enak acarnya mantep pisan"", ""stars"": 5}, {""reviewer"": ""Endang Susilowati"", ""text"": ""Resto langganan keluarga kami\nKami sering makan disini. Menunya enak, tempat nyaman, luas, parkir luas, lokasi pinggir jalan raya besar."", ""stars"": 5}, {""reviewer"": ""Muhammad Novyan"", ""text"": ""Tempat favorit kumpul temen, tempat luas, parkir banyak, menu bervariasi dengan porsi jumbo, jadi kalau pesan 1 porsi tapi jenisnya banyak, dikerubutin rame2.."", ""stars"": 5}]"
