"title","url","stars","name","reviewUrl","text"
"Nasi Goreng Jack Kosem","https://www.google.com/maps/search/?api=1&query=Nasi%20Goreng%20Jack%20Kosem&query_place_id=ChIJryoR4r2JcC4RXw_vrGvrG-0","5","daud prabowo","https://www.google.com/maps/reviews/data=!4m8!14m7!1m6!2m5!1sCi9DQUlRQUNvZENodHljRjlvT21WQ1dXRnVXVFZwV1Zoa01YQjRSamRrT0U4emVuYxAB!2m1!1s0x0:0xed1beb6bacef0f5f!3m1!1s2@1:CAIQACodChtycF9oOmVCWWFuWTVpWVhkMXB4RjdkOE8zenc%7C0d7_nwgXrZO%7C?hl=id","Enak semua menunya sabar aja nunggunya karena memang ramai, bukan karena lelet."
"Nasi Goreng Jack Kosem","https://www.google.com/maps/search/?api=1&query=Nasi%20Goreng%20Jack%20Kosem&query_place_id=ChIJryoR4r2JcC4RXw_vrGvrG-0","5","Febria Adea","https://www.google.com/maps/reviews/data=!4m8!14m7!1m6!2m5!1sChZDSUhNMG9nS0VJQ0FnSURCaDdlVkZ3EAE!2m1!1s0x0:0xed1beb6bacef0f5f!3m1!1s2@1:CIHM0ogKEICAgIDBh7eVFw%7CCgwIz5nengYQ-PnyzQI%7C?hl=id","2 kali kesini dengan pesanan yg sama. Nasi goreng. Untuk nasi goreng ayam nya enak bumbunya pas, cm untuk nasgor babatnya bau nyengat, untuk level pedas masih belom terasa pedasnya, es teh nya dapet gelas jumbo. Pelayanannya ramah & lumayan cepat. Cuma tempatnya kdg kurang bersih. Lokasi ada di tepi jalan utama gunungpati-manyaran jadi mudah dijumpai."
"Nasi Goreng Jack Kosem","https://www.google.com/maps/search/?api=1&query=Nasi%20Goreng%20Jack%20Kosem&query_place_id=ChIJryoR4r2JcC4RXw_vrGvrG-0","5","Nashru_","https://www.google.com/maps/reviews/data=!4m8!14m7!1m6!2m5!1sChdDSUhNMG9nS0VJQ0FnSURPNmV2QW13RRAB!2m1!1s0x0:0xed1beb6bacef0f5f!3m1!1s2@1:CIHM0ogKEICAgIDO6evAmwE%7CCgwIwZXxtAYQ0O_D1gI%7C?hl=id","Nasi Goreng, Bakmi Nyemek, Nasi Godognya enak tapi agak manis, es tehnya jumbo jadi puas, untuk harga sedikit lebih mahal daripada yang lain, tempatnya lumayan luas tempat parkir juga memadahi, minusnya nunggu makanannya lama padahal sepi"
"Nasi Goreng Jack Kosem","https://www.google.com/maps/search/?api=1&query=Nasi%20Goreng%20Jack%20Kosem&query_place_id=ChIJryoR4r2JcC4RXw_vrGvrG-0","5","Rini Gunungpati","https://www.google.com/maps/reviews/data=!4m8!14m7!1m6!2m5!1sCi9DQUlRQUNvZENodHljRjlvT2s1RE4wOUdTWGgyZVZKUGVXVkdSbFpNTUZaVldtYxAB!2m1!1s0x0:0xed1beb6bacef0f5f!3m1!1s2@1:CAIQACodChtycF9oOk5DN09GSXh2eVJPeWVGRlZMMFZVWmc%7C0d5nMD3F8Jr%7C?hl=id","Enak sih tapi skrg tambah asin rasanya.dan porsinya kurang byk.ditambahin dong..☺️😚"
"Nasi Goreng Jack Kosem","https://www.google.com/maps/search/?api=1&query=Nasi%20Goreng%20Jack%20Kosem&query_place_id=ChIJryoR4r2JcC4RXw_vrGvrG-0","5","Adam Prabowo","https://www.google.com/maps/reviews/data=!4m8!14m7!1m6!2m5!1sChZDSUhNMG9nS0VJQ0FnSURwd0pHaUh3EAE!2m1!1s0x0:0xed1beb6bacef0f5f!3m1!1s2@1:CIHM0ogKEICAgIDpwJGiHw%7CCgsIoKjmpgYQ6Ly5cg%7C?hl=id","Tempatnya selalu ramai dan antri. Rasa nasi goreng dan kwitawnya enak dengan porsi yang cukup.
Harganya juga termasuk murah."
"Nasi Goreng Jack Kosem","https://www.google.com/maps/search/?api=1&query=Nasi%20Goreng%20Jack%20Kosem&query_place_id=ChIJryoR4r2JcC4RXw_vrGvrG-0","5","SMG_VIR_NIZAR","https://www.google.com/maps/reviews/data=!4m8!14m7!1m6!2m5!1sChdDSUhNMG9nS0VJQ0FnSUNQOVpyeTl3RRAB!2m1!1s0x0:0xed1beb6bacef0f5f!3m1!1s2@1:CIHM0ogKEICAgICP9Zry9wE%7CCgwIsaqYugYQ-IT5sQE%7C?hl=id","Tadi pulang kerja mampir kesini, setelah berbulan2 lewat2 terus dan penasaran..

Pertama penasaran pas liat ulasan di maps, yg kebanyakan komplain mslh lama. Tadi saya dtg, ada 1 antrian. Dan nasi goreng jadi tidak ada 10menit.

Menurutku nasgornya enak. 9.5/10. Tadi pesen babat tp kurang begitu suka babatnya karena babat typenya yg tipis2 bukan yg tebel2. Tp notbad lah. Enak kok. Lbh enak lg mgkn bs disediakan juga menu babat iso pasti lebih mantap..

Scr keseluruhan, memuaskan. Harga agak lbh tinggi dr tmpt lain, tapi porsinya banyak kok. Jadinya worth it...

Kalau boleh kasih masukan :

Mgkn bisa disediakan juga es teh yg versi kecil. Karena ga semua org kuat ngabisin versi jumbo jd mubadzir aja gitu. Terus mgkn juga bisa disediakam acar, karena type nasgornya menurutku akan jauh lebih enak kalau ada acarnya....

Balik lagi? Pasti. 😉"
"Nasi Goreng Jack Kosem","https://www.google.com/maps/search/?api=1&query=Nasi%20Goreng%20Jack%20Kosem&query_place_id=ChIJryoR4r2JcC4RXw_vrGvrG-0","5","Ahmad Syaiful","https://www.google.com/maps/reviews/data=!4m8!14m7!1m6!2m5!1sChZDSUhNMG9nS0VJQ0FnSUNfbzktdVJREAE!2m1!1s0x0:0xed1beb6bacef0f5f!3m1!1s2@1:CIHM0ogKEICAgIC_o9-uRQ%7CCgsI-syvvAYQyPXzRw%7C?hl=id","Sumpah ini nasi goreng paling enak se gn pati raya.  Nomer 2 ada nasi goreng laka laka polaman.  Tapi kalo beli di jack kosim harus siap antri banyak.  Tapi sebanding sama enaknya.  100/10 top banget"
"Nasi Goreng Jack Kosem","https://www.google.com/maps/search/?api=1&query=Nasi%20Goreng%20Jack%20Kosem&query_place_id=ChIJryoR4r2JcC4RXw_vrGvrG-0","5","Riftiari Hendro Bintoro","https://www.google.com/maps/reviews/data=!4m8!14m7!1m6!2m5!1sChdDSUhNMG9nS0VJQ0FnSUNqcUpPR3lRRRAB!2m1!1s0x0:0xed1beb6bacef0f5f!3m1!1s2@1:CIHM0ogKEICAgICjqJOGyQE%7CCgwI0eT-sAYQiPr8ggE%7C?hl=id","Semua masakan enak... Dari nasi goreng babat sampe mie goreng dan rebusnya"
"Nasi Goreng Jack Kosem","https://www.google.com/maps/search/?api=1&query=Nasi%20Goreng%20Jack%20Kosem&query_place_id=ChIJryoR4r2JcC4RXw_vrGvrG-0","5","ananda arfian","https://www.google.com/maps/reviews/data=!4m8!14m7!1m6!2m5!1sChdDSUhNMG9nS0VJQ0FnSUNtMWRUMm1RRRAB!2m1!1s0x0:0xed1beb6bacef0f5f!3m1!1s2@1:CIHM0ogKEICAgICm1dT2mQE%7CCgwIsovSjgYQ4IOe-gE%7C?hl=id","Nasgor Jack kosem istimewa, enak banget gays, di jamin enak Monggo mampir pasti ketagihan"
"Nasi Goreng Jack Kosem","https://www.google.com/maps/search/?api=1&query=Nasi%20Goreng%20Jack%20Kosem&query_place_id=ChIJryoR4r2JcC4RXw_vrGvrG-0","5","Charis Masruchin","https://www.google.com/maps/reviews/data=!4m8!14m7!1m6!2m5!1sChZDSUhNMG9nS0VJQ0FnSUM4NnB2MElnEAE!2m1!1s0x0:0xed1beb6bacef0f5f!3m1!1s2@1:CIHM0ogKEICAgIC86pv0Ig%7CCgwIu4T49wUQ4NuDmAE%7C?hl=id","Warung makan dengan menu nasi goreng ayam dan babat, olahan mie rebus/goreng, kwetiaw, gongso ayam dan babat. Rasa enak, porsi besar, harga murah dan mudah dijangkau dekat dengan dokter praktek dr. Diana Ngrembel, Gunungpati, Semarang. Tempat cukup nyaman dan parkir tersedia untuk motor maupun mobil."
"Nasi Goreng Jack Kosem","https://www.google.com/maps/search/?api=1&query=Nasi%20Goreng%20Jack%20Kosem&query_place_id=ChIJryoR4r2JcC4RXw_vrGvrG-0","5","muhammad hadi mulyo","https://www.google.com/maps/reviews/data=!4m8!14m7!1m6!2m5!1sChdDSUhNMG9nS0VJQ0FnSUNsaWRMMTB3RRAB!2m1!1s0x0:0xed1beb6bacef0f5f!3m1!1s2@1:CIHM0ogKEICAgIClidL10wE%7CCgwIzc_xqgYQ-Mu7ogE%7C?hl=id","untuk makanan enak tp beberapa kali minta pedes tidak ada rasa pedes nya . tolong di perhatikan biar kualitas makin mantap. terima kasih"
"Nasi Goreng Jack Kosem","https://www.google.com/maps/search/?api=1&query=Nasi%20Goreng%20Jack%20Kosem&query_place_id=ChIJryoR4r2JcC4RXw_vrGvrG-0","5","Frederikuz Angga","https://www.google.com/maps/reviews/data=!4m8!14m7!1m6!2m5!1sChZDSUhNMG9nS0VJQ0FnSUNlcjZleEtREAE!2m1!1s0x0:0xed1beb6bacef0f5f!3m1!1s2@1:CIHM0ogKEICAgICer6exKQ%7CCgwIsOzLmQYQ2KiWjQM%7C?hl=id","Rasa enak, cuma emang agak lama jadinya. Banyak pembelinya. Owner tlg dipikirkan bagaimana jalan keluarnya supaya pembeli tdk kelamaan menunggu 🙏🏻"
"Nasi Goreng Jack Kosem","https://www.google.com/maps/search/?api=1&query=Nasi%20Goreng%20Jack%20Kosem&query_place_id=ChIJryoR4r2JcC4RXw_vrGvrG-0","5","Rumah Bihan","https://www.google.com/maps/reviews/data=!4m8!14m7!1m6!2m5!1sChdDSUhNMG9nS0VJQ0FnSURVejV5bzV3RRAB!2m1!1s0x0:0xed1beb6bacef0f5f!3m1!1s2@1:CIHM0ogKEICAgIDUz5yo5wE%7CCgsI9J7U6wUQgI-gRw%7C?hl=id","Favorit kami nasi godhog, kudu sabar antri makan disini karena selalu ramai, so far kesabaran berbuah hasil karena masakannya syedep.....jangn kaget sama mas mas kokinya yang nyentrik ya jack 🤣"
"Nasi Goreng Jack Kosem","https://www.google.com/maps/search/?api=1&query=Nasi%20Goreng%20Jack%20Kosem&query_place_id=ChIJryoR4r2JcC4RXw_vrGvrG-0","5","Ayu Arintasari","https://www.google.com/maps/reviews/data=!4m8!14m7!1m6!2m5!1sChZDSUhNMG9nS0VJQ0FnSURSdUpINGZREAE!2m1!1s0x0:0xed1beb6bacef0f5f!3m1!1s2@1:CIHM0ogKEICAgIDRuJH4fQ%7CCgwInqX1oQYQ6JW1xQM%7C?hl=id","Masakan nya enak,cocok bngt dgn selera keluarga ku, pelayanan memuaskan,, suasana ny enak,,cm agak panas"
"Nasi Goreng Jack Kosem","https://www.google.com/maps/search/?api=1&query=Nasi%20Goreng%20Jack%20Kosem&query_place_id=ChIJryoR4r2JcC4RXw_vrGvrG-0","5","Dunis","https://www.google.com/maps/reviews/data=!4m8!14m7!1m6!2m5!1sChZDSUhNMG9nS0VJQ0FnSUNRdHNYdWJBEAE!2m1!1s0x0:0xed1beb6bacef0f5f!3m1!1s2@1:CIHM0ogKEICAgICQtsXubA%7CCgwIorD43QUQkKmyogM%7C?hl=id","Nasi goreng favorit. Tempatnya juga sudah direnovasi jadi lebih nyaman. Pelayanan ramah. Sayang belum ada di grab food dan go food"
"Nasi Goreng Jack Kosem","https://www.google.com/maps/search/?api=1&query=Nasi%20Goreng%20Jack%20Kosem&query_place_id=ChIJryoR4r2JcC4RXw_vrGvrG-0","5","azzamuddin achmad","https://www.google.com/maps/reviews/data=!4m8!14m7!1m6!2m5!1sChZDSUhNMG9nS0VJQ0FnSUNMNk5qdGNBEAE!2m1!1s0x0:0xed1beb6bacef0f5f!3m1!1s2@1:CIHM0ogKEICAgICL6NjtcA%7CCgwIhbyxswYQ-J_GvwE%7C?hl=id","Mantap nasgor babatnya"
"Nasi Goreng Jack Kosem","https://www.google.com/maps/search/?api=1&query=Nasi%20Goreng%20Jack%20Kosem&query_place_id=ChIJryoR4r2JcC4RXw_vrGvrG-0","5","surya adi","https://www.google.com/maps/reviews/data=!4m8!14m7!1m6!2m5!1sChZDSUhNMG9nS0VJQ0FnSURBMTlQUEt3EAE!2m1!1s0x0:0xed1beb6bacef0f5f!3m1!1s2@1:CIHM0ogKEICAgIDA19PPKw%7CCgsIuY_pygUQgNygdg%7C?hl=id","Antri nya lama...harus extra sabar. Rasa nasgor jack kosem Top rekomendit. Warungan tenda tp menerima pembayaran debit card dan e-money/flash."
"Nasi Goreng Jack Kosem","https://www.google.com/maps/search/?api=1&query=Nasi%20Goreng%20Jack%20Kosem&query_place_id=ChIJryoR4r2JcC4RXw_vrGvrG-0","5","Aris Jbl","https://www.google.com/maps/reviews/data=!4m8!14m7!1m6!2m5!1sChdDSUhNMG9nS0VJQ0FnSURXeHZ6by1RRRAB!2m1!1s0x0:0xed1beb6bacef0f5f!3m1!1s2@1:CIHM0ogKEICAgIDWxvzo-QE%7CCgwI_MrnkQYQ6JyxjgM%7C?hl=id","Sungguh sangat enak sekaliiii
Pelayanan oke banget,semoga tambah laris maniisss"
"Nasi Goreng Jack Kosem","https://www.google.com/maps/search/?api=1&query=Nasi%20Goreng%20Jack%20Kosem&query_place_id=ChIJryoR4r2JcC4RXw_vrGvrG-0","5","Riska Amalia","https://www.google.com/maps/reviews/data=!4m8!14m7!1m6!2m5!1sChdDSUhNMG9nS0VJQ0FnSURKNjllOTBBRRAB!2m1!1s0x0:0xed1beb6bacef0f5f!3m1!1s2@1:CIHM0ogKEICAgIDJ69e90AE%7CCgsI0LbzpQYQ-P2VOg%7C?hl=id","Nasgor & mie goreng nyemeknya juara,tp harus sabar kalo beli disini,antrenya lama 😂"
"Nasi Goreng Jack Kosem","https://www.google.com/maps/search/?api=1&query=Nasi%20Goreng%20Jack%20Kosem&query_place_id=ChIJryoR4r2JcC4RXw_vrGvrG-0","5","Prasetyo Budi Widagdo","https://www.google.com/maps/reviews/data=!4m8!14m7!1m6!2m5!1sChZDSUhNMG9nS0VJQ0FnSURRX09uRVVnEAE!2m1!1s0x0:0xed1beb6bacef0f5f!3m1!1s2@1:CIHM0ogKEICAgIDQ_OnEUg%7CCgsIpKmV3AUQ4MyUFw%7C?hl=id","nasi goreng yang mantap dan ada TV buat hiburan, bisa sambil nonton live Asian Games 2018"
"Nasi Goreng Jack Kosem","https://www.google.com/maps/search/?api=1&query=Nasi%20Goreng%20Jack%20Kosem&query_place_id=ChIJryoR4r2JcC4RXw_vrGvrG-0","5","fatkhur rohman","https://www.google.com/maps/reviews/data=!4m8!14m7!1m6!2m5!1sChdDSUhNMG9nS0VJQ0FnSUNMcG9ucjVnRRAB!2m1!1s0x0:0xed1beb6bacef0f5f!3m1!1s2@1:CIHM0ogKEICAgICLponr5gE%7CCgsIvofHswYQ4NDTRw%7C?hl=id","Jossss, bumbu nya lejitt"
"Nasi Goreng Jack Kosem","https://www.google.com/maps/search/?api=1&query=Nasi%20Goreng%20Jack%20Kosem&query_place_id=ChIJryoR4r2JcC4RXw_vrGvrG-0","5","Bayu","https://www.google.com/maps/reviews/data=!4m8!14m7!1m6!2m5!1sChZDSUhNMG9nS0VJQ0FnSURRNU1xUlFBEAE!2m1!1s0x0:0xed1beb6bacef0f5f!3m1!1s2@1:CIHM0ogKEICAgIDQ5MqRQA%7CCgsIhaPK1AUQwNHhIw%7C?hl=id","enak tapi ko ga ada pelayanan go food"
"Nasi Goreng Jack Kosem","https://www.google.com/maps/search/?api=1&query=Nasi%20Goreng%20Jack%20Kosem&query_place_id=ChIJryoR4r2JcC4RXw_vrGvrG-0","5","Muhamad Fauzan","https://www.google.com/maps/reviews/data=!4m8!14m7!1m6!2m5!1sChdDSUhNMG9nS0VJQ0FnSUNoZ1pXdDR3RRAB!2m1!1s0x0:0xed1beb6bacef0f5f!3m1!1s2@1:CIHM0ogKEICAgIChgZWt4wE%7CCgwI3q2unwYQ4IKniAE%7C?hl=id","Joss,.. mantab, pelayanan ok.. selalu ramai pembeli"
"Nasi Goreng Jack Kosem","https://www.google.com/maps/search/?api=1&query=Nasi%20Goreng%20Jack%20Kosem&query_place_id=ChIJryoR4r2JcC4RXw_vrGvrG-0","5","Jatmiko","https://www.google.com/maps/reviews/data=!4m8!14m7!1m6!2m5!1sChZDSUhNMG9nS0VJQ0FnSURKaUlER1VREAE!2m1!1s0x0:0xed1beb6bacef0f5f!3m1!1s2@1:CIHM0ogKEICAgIDJiIDGUQ%7CCgwI9r-rpQYQ6InOvgM%7C?hl=id","Rasa enak
Harga murah
Antri lumayan"
"Nasi Goreng Jack Kosem","https://www.google.com/maps/search/?api=1&query=Nasi%20Goreng%20Jack%20Kosem&query_place_id=ChIJryoR4r2JcC4RXw_vrGvrG-0","5","Nurannisa assis","https://www.google.com/maps/reviews/data=!4m8!14m7!1m6!2m5!1sChZDSUhNMG9nS0VJQ0FnSUNoaHM2NFJ3EAE!2m1!1s0x0:0xed1beb6bacef0f5f!3m1!1s2@1:CIHM0ogKEICAgIChhs64Rw%7CCgsIpJSenwYQsI7tAg%7C?hl=id","Enak"
"Nasi Goreng Jack Kosem","https://www.google.com/maps/search/?api=1&query=Nasi%20Goreng%20Jack%20Kosem&query_place_id=ChIJryoR4r2JcC4RXw_vrGvrG-0","5","Khamdan Maulida","https://www.google.com/maps/reviews/data=!4m8!14m7!1m6!2m5!1sChdDSUhNMG9nS0VJQ0FnSUN5dWI2TG5RRRAB!2m1!1s0x0:0xed1beb6bacef0f5f!3m1!1s2@1:CIHM0ogKEICAgICyub6LnQE%7CCgsIq7f1gAYQ0N_QFA%7C?hl=id","Walah enak e ora umum boskuh 😂"
"Nasi Goreng Jack Kosem","https://www.google.com/maps/search/?api=1&query=Nasi%20Goreng%20Jack%20Kosem&query_place_id=ChIJryoR4r2JcC4RXw_vrGvrG-0","5","Indar Muji Muji","https://www.google.com/maps/reviews/data=!4m8!14m7!1m6!2m5!1sChdDSUhNMG9nS0VJQ0FnSUN5NEpQeTdnRRAB!2m1!1s0x0:0xed1beb6bacef0f5f!3m1!1s2@1:CIHM0ogKEICAgICy4JPy7gE%7CCgsImsOJgAYQ-N-EQw%7C?hl=id","porsi sedang .mantul harga bersahabat ."
"Nasi Goreng Jack Kosem","https://www.google.com/maps/search/?api=1&query=Nasi%20Goreng%20Jack%20Kosem&query_place_id=ChIJryoR4r2JcC4RXw_vrGvrG-0","5","yadi effendi","https://www.google.com/maps/reviews/data=!4m8!14m7!1m6!2m5!1sChZDSUhNMG9nS0VJQ0FnTUN3M196UUNnEAE!2m1!1s0x0:0xed1beb6bacef0f5f!3m1!1s2@1:CIHM0ogKEICAgMCw3_zQCg%7CCgwI6-r5vgYQ2PLe1AE%7C?hl=id","Makanan legend juga di Gunungpati Semarang"
"Nasi Goreng Jack Kosem","https://www.google.com/maps/search/?api=1&query=Nasi%20Goreng%20Jack%20Kosem&query_place_id=ChIJryoR4r2JcC4RXw_vrGvrG-0","5","Florentino Rizky","https://www.google.com/maps/reviews/data=!4m8!14m7!1m6!2m5!1sChZDSUhNMG9nS0VJQ0FnSUNndmFEOFJnEAE!2m1!1s0x0:0xed1beb6bacef0f5f!3m1!1s2@1:CIHM0ogKEICAgICgvaD8Rg%7CCgsI3a6xzgUQgNrECQ%7C?hl=id","harga standar,masakan enak,owner ramah"
"Nasi Goreng Jack Kosem","https://www.google.com/maps/search/?api=1&query=Nasi%20Goreng%20Jack%20Kosem&query_place_id=ChIJryoR4r2JcC4RXw_vrGvrG-0","5","Lila Yuliana","https://www.google.com/maps/reviews/data=!4m8!14m7!1m6!2m5!1sChZDSUhNMG9nS0VJQ0FnSUNnMWNxZlNnEAE!2m1!1s0x0:0xed1beb6bacef0f5f!3m1!1s2@1:CIHM0ogKEICAgICg1cqfSg%7CCgwIwveZ3AUQyJzKngM%7C?hl=id","selalu suka babat iso nya, mantap!"
"Nasi Goreng Jack Kosem","https://www.google.com/maps/search/?api=1&query=Nasi%20Goreng%20Jack%20Kosem&query_place_id=ChIJryoR4r2JcC4RXw_vrGvrG-0","5","Taviani Setiarti","https://www.google.com/maps/reviews/data=!4m8!14m7!1m6!2m5!1sChdDSUhNMG9nS0VJQ0FnSUNBMWNtZnNBRRAB!2m1!1s0x0:0xed1beb6bacef0f5f!3m1!1s2@1:CIHM0ogKEICAgICA1cmfsAE%7CCgwI-Kq53AUQ8OLNnQM%7C?hl=id","enak. tapi kok ga ada di grabfood"
"Nasi Goreng Jack Kosem","https://www.google.com/maps/search/?api=1&query=Nasi%20Goreng%20Jack%20Kosem&query_place_id=ChIJryoR4r2JcC4RXw_vrGvrG-0","5","hadi Tmg","https://www.google.com/maps/reviews/data=!4m8!14m7!1m6!2m5!1sChZDSUhNMG9nS0VJQ0FnSUNzc2Fpekt3EAE!2m1!1s0x0:0xed1beb6bacef0f5f!3m1!1s2@1:CIHM0ogKEICAgICssaizKw%7CCgsItvDq8QUQ-M7oaQ%7C?hl=id","Yahuuuuddd....

Tamu harap LAPAR dan LAPOR... ✌😄"
"Nasi Goreng Jack Kosem","https://www.google.com/maps/search/?api=1&query=Nasi%20Goreng%20Jack%20Kosem&query_place_id=ChIJryoR4r2JcC4RXw_vrGvrG-0","5","Yusril Malzum Asyhad","https://www.google.com/maps/reviews/data=!4m8!14m7!1m6!2m5!1sChZDSUhNMG9nS0VJQ0FnSURNMmFUc2RBEAE!2m1!1s0x0:0xed1beb6bacef0f5f!3m1!1s2@1:CIHM0ogKEICAgIDM2aTsdA%7CCgsI9IPD8AUQuPXAeQ%7C?hl=id","Nasgor terenak se gunungpati"
"Nasi Goreng Jack Kosem","https://www.google.com/maps/search/?api=1&query=Nasi%20Goreng%20Jack%20Kosem&query_place_id=ChIJryoR4r2JcC4RXw_vrGvrG-0","5","Jack Kosem","https://www.google.com/maps/reviews/data=!4m8!14m7!1m6!2m5!1sChdDSUhNMG9nS0VJQ0FnSUNBOS1YMG5nRRAB!2m1!1s0x0:0xed1beb6bacef0f5f!3m1!1s2@1:CIHM0ogKEICAgICA9-X0ngE%7CCgsIiI-02AUQgJL9ew%7C?hl=id","Sak jose pokoke. Makanan enak semua"
"Nasi Goreng Jack Kosem","https://www.google.com/maps/search/?api=1&query=Nasi%20Goreng%20Jack%20Kosem&query_place_id=ChIJryoR4r2JcC4RXw_vrGvrG-0","5","Yerico Prima","https://www.google.com/maps/reviews/data=!4m8!14m7!1m6!2m5!1sChdDSUhNMG9nS0VJQ0FnSUMwcjh5c29BRRAB!2m1!1s0x0:0xed1beb6bacef0f5f!3m1!1s2@1:CIHM0ogKEICAgIC0r8ysoAE%7CCgwIitOV7QUQyOTwtgI%7C?hl=id","Ngantri ampun cuma satu piring"
"Nasi Goreng Jack Kosem","https://www.google.com/maps/search/?api=1&query=Nasi%20Goreng%20Jack%20Kosem&query_place_id=ChIJryoR4r2JcC4RXw_vrGvrG-0","5","Ajhie Saka Putra","https://www.google.com/maps/reviews/data=!4m8!14m7!1m6!2m5!1sChZDSUhNMG9nS0VJQ0FnSURSMDhhNFVnEAE!2m1!1s0x0:0xed1beb6bacef0f5f!3m1!1s2@1:CIHM0ogKEICAgIDR08a4Ug%7CCgsIlc7HogYQgMunPg%7C?hl=id","Nasi Goreng Mak Nyuuussss... 🥰😉👍👌👌👌👌"
"Nasi Goreng Jack Kosem","https://www.google.com/maps/search/?api=1&query=Nasi%20Goreng%20Jack%20Kosem&query_place_id=ChIJryoR4r2JcC4RXw_vrGvrG-0","5","Budi Bodong","https://www.google.com/maps/reviews/data=!4m8!14m7!1m6!2m5!1sChdDSUhNMG9nS0VJQ0FnSURnaExyZzhRRRAB!2m1!1s0x0:0xed1beb6bacef0f5f!3m1!1s2@1:CIHM0ogKEICAgIDghLrg8QE%7CCgsIquWpzwUQgNTLMQ%7C?hl=id","Sangat enak polll"
"Nasi Goreng Jack Kosem","https://www.google.com/maps/search/?api=1&query=Nasi%20Goreng%20Jack%20Kosem&query_place_id=ChIJryoR4r2JcC4RXw_vrGvrG-0","5","Ady Kurniawan","https://www.google.com/maps/reviews/data=!4m8!14m7!1m6!2m5!1sChdDSUhNMG9nS0VJQ0FnSURZaU5hY3BnRRAB!2m1!1s0x0:0xed1beb6bacef0f5f!3m1!1s2@1:CIHM0ogKEICAgIDYiNacpgE%7CCgwI2uiQ5gUQ0PibjAM%7C?hl=id","Enak
Bersih
Mie goreng enak"
"Nasi Goreng Jack Kosem","https://www.google.com/maps/search/?api=1&query=Nasi%20Goreng%20Jack%20Kosem&query_place_id=ChIJryoR4r2JcC4RXw_vrGvrG-0","5","Desiana Arisanti","https://www.google.com/maps/reviews/data=!4m8!14m7!1m6!2m5!1sChdDSUhNMG9nS0VJQ0FnSUNRMWNubWxBRRAB!2m1!1s0x0:0xed1beb6bacef0f5f!3m1!1s2@1:CIHM0ogKEICAgICQ1cnmlAE%7CCgwI9ZWs1wUQwOu83gI%7C?hl=id","Mberok kalah rasanya mantap"
"Nasi Goreng Jack Kosem","https://www.google.com/maps/search/?api=1&query=Nasi%20Goreng%20Jack%20Kosem&query_place_id=ChIJryoR4r2JcC4RXw_vrGvrG-0","5","Suroso Manaf","https://www.google.com/maps/reviews/data=!4m8!14m7!1m6!2m5!1sChZDSUhNMG9nS0VJQ0FnSURTODZUVEdnEAE!2m1!1s0x0:0xed1beb6bacef0f5f!3m1!1s2@1:CIHM0ogKEICAgIDS86TTGg%7CCgwIzejh_wUQ6MGd3AE%7C?hl=id","Enak sam nasgornya"
"Nasi Goreng Jack Kosem","https://www.google.com/maps/search/?api=1&query=Nasi%20Goreng%20Jack%20Kosem&query_place_id=ChIJryoR4r2JcC4RXw_vrGvrG-0","5","Arvy Arifdevy","https://www.google.com/maps/reviews/data=!4m8!14m7!1m6!2m5!1sChZDSUhNMG9nS0VJQ0FnSUNraXMyV013EAE!2m1!1s0x0:0xed1beb6bacef0f5f!3m1!1s2@1:CIHM0ogKEICAgICkis2WMw%7CCgsI09i16AUQkP2FBw%7C?hl=id","Ter enak"
"Nasi Goreng Jack Kosem","https://www.google.com/maps/search/?api=1&query=Nasi%20Goreng%20Jack%20Kosem&query_place_id=ChIJryoR4r2JcC4RXw_vrGvrG-0","5","Dewa radhitya","https://www.google.com/maps/reviews/data=!4m8!14m7!1m6!2m5!1sChZDSUhNMG9nS0VJQ0FnSURWck5Ib0N3EAE!2m1!1s0x0:0xed1beb6bacef0f5f!3m1!1s2@1:CIHM0ogKEICAgIDVrNHoCw%7CCgwI3_zbqwYQ-PPl1QE%7C?hl=id","Enak pokok e"
"Nasi Goreng Jack Kosem","https://www.google.com/maps/search/?api=1&query=Nasi%20Goreng%20Jack%20Kosem&query_place_id=ChIJryoR4r2JcC4RXw_vrGvrG-0","5","Priyo Haryono","https://www.google.com/maps/reviews/data=!4m8!14m7!1m6!2m5!1sChZDSUhNMG9nS0VJQ0FnSURobjRIdVFBEAE!2m1!1s0x0:0xed1beb6bacef0f5f!3m1!1s2@1:CIHM0ogKEICAgIDhn4HuQA%7CCgsIr6PmoAYQ4JPcLw%7C?hl=id","Mesti bilang wau"
"Nasi Goreng Jack Kosem","https://www.google.com/maps/search/?api=1&query=Nasi%20Goreng%20Jack%20Kosem&query_place_id=ChIJryoR4r2JcC4RXw_vrGvrG-0","5","Imam sapardiyono","https://www.google.com/maps/reviews/data=!4m8!14m7!1m6!2m5!1sChdDSUhNMG9nS0VJQ0FnTUR3OUtIcm5nRRAB!2m1!1s0x0:0xed1beb6bacef0f5f!3m1!1s2@1:CIHM0ogKEICAgMDw9KHrngE%7CCgwIru-CvwYQ-LSWoAI%7C?hl=id","Enak"
"Nasi Goreng Jack Kosem","https://www.google.com/maps/search/?api=1&query=Nasi%20Goreng%20Jack%20Kosem&query_place_id=ChIJryoR4r2JcC4RXw_vrGvrG-0","5","melon murdock 13","https://www.google.com/maps/reviews/data=!4m8!14m7!1m6!2m5!1sChZDSUhNMG9nS0VJQ0FnSURja0txM0NREAE!2m1!1s0x0:0xed1beb6bacef0f5f!3m1!1s2@1:CIHM0ogKEICAgIDckKq3CQ%7CCgwIkpTz9QUQiPSf8gI%7C?hl=id","Enak porsinya juga banyak"
"Nasi Goreng Jack Kosem","https://www.google.com/maps/search/?api=1&query=Nasi%20Goreng%20Jack%20Kosem&query_place_id=ChIJryoR4r2JcC4RXw_vrGvrG-0","5","Enka Be","https://www.google.com/maps/reviews/data=!4m8!14m7!1m6!2m5!1sChdDSUhNMG9nS0VJQ0FnSURIek9qemhBRRAB!2m1!1s0x0:0xed1beb6bacef0f5f!3m1!1s2@1:CIHM0ogKEICAgIDHzOjzhAE%7CCgwIiuSPtwYQkIfNhAI%7C?hl=id","Kwetiau di sini enak."
"Nasi Goreng Jack Kosem","https://www.google.com/maps/search/?api=1&query=Nasi%20Goreng%20Jack%20Kosem&query_place_id=ChIJryoR4r2JcC4RXw_vrGvrG-0","5","Pungki Wijayanti","https://www.google.com/maps/reviews/data=!4m8!14m7!1m6!2m5!1sChdDSUhNMG9nS0VJQ0FnSURJMDh6LXpnRRAB!2m1!1s0x0:0xed1beb6bacef0f5f!3m1!1s2@1:CIHM0ogKEICAgIDI08z-zgE%7CCgwI3qqQ4gUQnonK8gE%7C?hl=id","Nasgornya endol..👍👍"
"Nasi Goreng Jack Kosem","https://www.google.com/maps/search/?api=1&query=Nasi%20Goreng%20Jack%20Kosem&query_place_id=ChIJryoR4r2JcC4RXw_vrGvrG-0","5","dwie risty","https://www.google.com/maps/reviews/data=!4m8!14m7!1m6!2m5!1sChdDSUhNMG9nS0VJQ0FnSUMwOXFYdnl3RRAB!2m1!1s0x0:0xed1beb6bacef0f5f!3m1!1s2@1:CIHM0ogKEICAgIC09qXvywE%7CCgwIyumx7AUQ4MivwwE%7C?hl=id","Rasanya mantap"
"Nasi Goreng Jack Kosem","https://www.google.com/maps/search/?api=1&query=Nasi%20Goreng%20Jack%20Kosem&query_place_id=ChIJryoR4r2JcC4RXw_vrGvrG-0","5","Amin Aminah","https://www.google.com/maps/reviews/data=!4m8!14m7!1m6!2m5!1sChZDSUhNMG9nS0VJQ0FnSURNa2MtdkNREAE!2m1!1s0x0:0xed1beb6bacef0f5f!3m1!1s2@1:CIHM0ogKEICAgIDMkc-vCQ%7CCgsIqoK48AUQkNrYCw%7C?hl=id","Enak masakannya"
"Nasi Goreng Jack Kosem","https://www.google.com/maps/search/?api=1&query=Nasi%20Goreng%20Jack%20Kosem&query_place_id=ChIJryoR4r2JcC4RXw_vrGvrG-0","5","Yudie H","https://www.google.com/maps/reviews/data=!4m8!14m7!1m6!2m5!1sChZDSUhNMG9nS0VJQ0FnSUNVNWZ1alVnEAE!2m1!1s0x0:0xed1beb6bacef0f5f!3m1!1s2@1:CIHM0ogKEICAgICU5fujUg%7CCgsItp-B6gUQ2O-5Og%7C?hl=id","Enak n murah"
"Nasi Goreng Jack Kosem","https://www.google.com/maps/search/?api=1&query=Nasi%20Goreng%20Jack%20Kosem&query_place_id=ChIJryoR4r2JcC4RXw_vrGvrG-0","5","Icha Suryo","https://www.google.com/maps/reviews/data=!4m8!14m7!1m6!2m5!1sChZDSUhNMG9nS0VJQ0FnSUNlN282RVh3EAE!2m1!1s0x0:0xed1beb6bacef0f5f!3m1!1s2@1:CIHM0ogKEICAgICe7o6EXw%7CCgwIzNyHmQYQwM_2tQE%7C?hl=id","Oke banget"
"Nasi Goreng Jack Kosem","https://www.google.com/maps/search/?api=1&query=Nasi%20Goreng%20Jack%20Kosem&query_place_id=ChIJryoR4r2JcC4RXw_vrGvrG-0","5","Indero Nusantoro","https://www.google.com/maps/reviews/data=!4m8!14m7!1m6!2m5!1sChZDSUhNMG9nS0VJQ0FnSURnejdmWUZ3EAE!2m1!1s0x0:0xed1beb6bacef0f5f!3m1!1s2@1:CIHM0ogKEICAgIDgz7fYFw%7CCgwI1JDfwQUQwNDX1QM%7C?hl=id","Eunak tenan...."
"Nasi Goreng Jack Kosem","https://www.google.com/maps/search/?api=1&query=Nasi%20Goreng%20Jack%20Kosem&query_place_id=ChIJryoR4r2JcC4RXw_vrGvrG-0","5","kahiyang gadis","https://www.google.com/maps/reviews/data=!4m8!14m7!1m6!2m5!1sChZDSUhNMG9nS0VJQ0FnSUNhZzdfdlZREAE!2m1!1s0x0:0xed1beb6bacef0f5f!3m1!1s2@1:CIHM0ogKEICAgICag7_vVQ%7CCgwIrvy9iAYQ8MGsiAE%7C?hl=id","Istimewa"
"Nasi Goreng Jack Kosem","https://www.google.com/maps/search/?api=1&query=Nasi%20Goreng%20Jack%20Kosem&query_place_id=ChIJryoR4r2JcC4RXw_vrGvrG-0","5","NRATM (KOMENG)","https://www.google.com/maps/reviews/data=!4m8!14m7!1m6!2m5!1sChZDSUhNMG9nS0VJQ0FnSURVMWJmM1FnEAE!2m1!1s0x0:0xed1beb6bacef0f5f!3m1!1s2@1:CIHM0ogKEICAgIDU1bf3Qg%7CCgwIp96l6wUQqNvi0QM%7C?hl=id","Enak mantab,"
"Nasi Goreng Jack Kosem","https://www.google.com/maps/search/?api=1&query=Nasi%20Goreng%20Jack%20Kosem&query_place_id=ChIJryoR4r2JcC4RXw_vrGvrG-0","5","Setya Putri Ragilia","https://www.google.com/maps/reviews/data=!4m8!14m7!1m6!2m5!1sChdDSUhNMG9nS0VJQ0FnSURrbGN6Q3d3RRAB!2m1!1s0x0:0xed1beb6bacef0f5f!3m1!1s2@1:CIHM0ogKEICAgIDklczCwwE%7CCgwIyPHt6AUQ6PHs4wI%7C?hl=id","Enakk"
"Nasi Goreng Jack Kosem","https://www.google.com/maps/search/?api=1&query=Nasi%20Goreng%20Jack%20Kosem&query_place_id=ChIJryoR4r2JcC4RXw_vrGvrG-0","5","Lani Trestanti","https://www.google.com/maps/reviews/data=!4m8!14m7!1m6!2m5!1sChdDSUhNMG9nS0VJQ0FnSURnNGVMZWp3RRAB!2m1!1s0x0:0xed1beb6bacef0f5f!3m1!1s2@1:CIHM0ogKEICAgIDg4eLejwE%7CCgsI_5bT3AUQiMTZag%7C?hl=id","Mantap"
"Nasi Goreng Jack Kosem","https://www.google.com/maps/search/?api=1&query=Nasi%20Goreng%20Jack%20Kosem&query_place_id=ChIJryoR4r2JcC4RXw_vrGvrG-0","5","Sigit Setyo Nugroho","https://www.google.com/maps/reviews/data=!4m8!14m7!1m6!2m5!1sChdDSUhNMG9nS0VJQ0FnSUMwOVBmbXF3RRAB!2m1!1s0x0:0xed1beb6bacef0f5f!3m1!1s2@1:CIHM0ogKEICAgIC09PfmqwE%7CCgwIyI7_6wUQqKbfygM%7C?hl=id","Maknyusss"
"Nasi Goreng Jack Kosem","https://www.google.com/maps/search/?api=1&query=Nasi%20Goreng%20Jack%20Kosem&query_place_id=ChIJryoR4r2JcC4RXw_vrGvrG-0","5","rini subodro","https://www.google.com/maps/reviews/data=!4m8!14m7!1m6!2m5!1sChZDSUhNMG9nS0VJQ0FnSUQyajdQR1d3EAE!2m1!1s0x0:0xed1beb6bacef0f5f!3m1!1s2@1:CIHM0ogKEICAgID2j7PGWw%7CCgwIsbDIlAYQsMOcnwI%7C?hl=id","Enak, mantull.."
"Nasi Goreng Jack Kosem","https://www.google.com/maps/search/?api=1&query=Nasi%20Goreng%20Jack%20Kosem&query_place_id=ChIJryoR4r2JcC4RXw_vrGvrG-0","5","Ibnu Siwarno","https://www.google.com/maps/reviews/data=!4m8!14m7!1m6!2m5!1sChdDSUhNMG9nS0VJQ0FnSURKa1pmdGl3RRAB!2m1!1s0x0:0xed1beb6bacef0f5f!3m1!1s2@1:CIHM0ogKEICAgIDJkZftiwE%7CCgsIq97bpQYQoL-6dA%7C?hl=id","Pas dilidah"
"Nasi Goreng Jack Kosem","https://www.google.com/maps/search/?api=1&query=Nasi%20Goreng%20Jack%20Kosem&query_place_id=ChIJryoR4r2JcC4RXw_vrGvrG-0","5","belia kharisma balqis trismara","https://www.google.com/maps/reviews/data=!4m8!14m7!1m6!2m5!1sChdDSUhNMG9nS0VJQ0FnSURicGFPc3FRRRAB!2m1!1s0x0:0xed1beb6bacef0f5f!3m1!1s2@1:CIHM0ogKEICAgIDbpaOsqQE%7CCgsI-YrOtQYQgOizGw%7C?hl=id","the best nasgor in town, bf approved🫶🫡"
"Nasi Goreng Jack Kosem","https://www.google.com/maps/search/?api=1&query=Nasi%20Goreng%20Jack%20Kosem&query_place_id=ChIJryoR4r2JcC4RXw_vrGvrG-0","5","De punK Brian","https://www.google.com/maps/reviews/data=!4m8!14m7!1m6!2m5!1sChZDSUhNMG9nS0VJQ0FnSUNJdWNxNVd3EAE!2m1!1s0x0:0xed1beb6bacef0f5f!3m1!1s2@1:CIHM0ogKEICAgICIucq5Ww%7CCgwIi6je8QUQgMrzhgE%7C?hl=id","Sego goreng'e enak,panggonane ombo,tapi kudu sabar mergo antriane biasane akeh"
"Nasi Goreng Jack Kosem","https://www.google.com/maps/search/?api=1&query=Nasi%20Goreng%20Jack%20Kosem&query_place_id=ChIJryoR4r2JcC4RXw_vrGvrG-0","5","Dmitri Johnson","https://www.google.com/maps/reviews/data=!4m8!14m7!1m6!2m5!1sChdDSUhNMG9nS0VJQ0FnSUQ0eWFua3dRRRAB!2m1!1s0x0:0xed1beb6bacef0f5f!3m1!1s2@1:CIHM0ogKEICAgID4yankwQE%7CCgwItPaM6AUQ6MKZ9gI%7C?hl=id","Rung tau jajal malah kon ripiu, tak kei apik  ben ibuke seneng"
"Nasi Goreng Jack Kosem","https://www.google.com/maps/search/?api=1&query=Nasi%20Goreng%20Jack%20Kosem&query_place_id=ChIJryoR4r2JcC4RXw_vrGvrG-0","5","Rahadian Anandya Fauzan","https://www.google.com/maps/reviews/data=!4m8!14m7!1m6!2m5!1sChZDSUhNMG9nS0VJQ0FnSURpd1lfZ1JBEAE!2m1!1s0x0:0xed1beb6bacef0f5f!3m1!1s2@1:CIHM0ogKEICAgIDiwY_gRA%7CCgwIw7ir_gUQqLDP7QI%7C?hl=id","Babat gongsone juoss gandoss"
"Nasi Goreng Jack Kosem","https://www.google.com/maps/search/?api=1&query=Nasi%20Goreng%20Jack%20Kosem&query_place_id=ChIJryoR4r2JcC4RXw_vrGvrG-0","5","Maman Tolet","https://www.google.com/maps/reviews/data=!4m8!14m7!1m6!2m5!1sChdDSUhNMG9nS0VJQ0FnSUR3d3FxVjRRRRAB!2m1!1s0x0:0xed1beb6bacef0f5f!3m1!1s2@1:CIHM0ogKEICAgIDwwqqV4QE%7CCgwIrKij3gUQyP_y2QM%7C?hl=id","Mantap jos gandos"
"Nasi Goreng Jack Kosem","https://www.google.com/maps/search/?api=1&query=Nasi%20Goreng%20Jack%20Kosem&query_place_id=ChIJryoR4r2JcC4RXw_vrGvrG-0","5","Nilam Ziskaviani","https://www.google.com/maps/reviews/data=!4m8!14m7!1m6!2m5!1sChZDSUhNMG9nS0VJQ0FnSURodE1xUmNREAE!2m1!1s0x0:0xed1beb6bacef0f5f!3m1!1s2@1:CIHM0ogKEICAgIDhtMqRcQ%7CCgwIqfOCoAYQyJKtkAI%7C?hl=id",
"Nasi Goreng Jack Kosem","https://www.google.com/maps/search/?api=1&query=Nasi%20Goreng%20Jack%20Kosem&query_place_id=ChIJryoR4r2JcC4RXw_vrGvrG-0","5","Sigit Purwanto","https://www.google.com/maps/reviews/data=!4m8!14m7!1m6!2m5!1sChZDSUhNMG9nS0VJQ0FnSUNNc2FPZWNBEAE!2m1!1s0x0:0xed1beb6bacef0f5f!3m1!1s2@1:CIHM0ogKEICAgICMsaOecA%7CCgsIj63o7gUQ-Kf7Zw%7C?hl=id","bumbunya enak ngresep"
"Nasi Goreng Jack Kosem","https://www.google.com/maps/search/?api=1&query=Nasi%20Goreng%20Jack%20Kosem&query_place_id=ChIJryoR4r2JcC4RXw_vrGvrG-0","5","Ragil Adhi","https://www.google.com/maps/reviews/data=!4m8!14m7!1m6!2m5!1sCi9DQUlRQUNvZENodHljRjlvT2tNMFRIYzNkaTFMU0VscldWTmxNazVQVlhwdlZGRRAB!2m1!1s0x0:0xed1beb6bacef0f5f!3m1!1s2@1:CAIQACodChtycF9oOkM0THc3di1LSElrWVNlMk5PVXpvVFE%7C0dCP55ieXOS%7C?hl=id",
"Nasi Goreng Jack Kosem","https://www.google.com/maps/search/?api=1&query=Nasi%20Goreng%20Jack%20Kosem&query_place_id=ChIJryoR4r2JcC4RXw_vrGvrG-0","5","KHOODIMUL UMMAH","https://www.google.com/maps/reviews/data=!4m8!14m7!1m6!2m5!1sChZDSUhNMG9nS0VJQ0FnSUN5LTRpb1NnEAE!2m1!1s0x0:0xed1beb6bacef0f5f!3m1!1s2@1:CIHM0ogKEICAgICy-4ioSg%7CCgwImPilgQYQoIbvuQI%7C?hl=id","Juos Pokok e Nasgore"
"Nasi Goreng Jack Kosem","https://www.google.com/maps/search/?api=1&query=Nasi%20Goreng%20Jack%20Kosem&query_place_id=ChIJryoR4r2JcC4RXw_vrGvrG-0","5","FS Oficial","https://www.google.com/maps/reviews/data=!4m8!14m7!1m6!2m5!1sCi9DQUlRQUNvZENodHljRjlvT2xSblMxZGtUWGhEVkdwU05qY3phbUV5UTBSeVpYYxAB!2m1!1s0x0:0xed1beb6bacef0f5f!3m1!1s2@1:CAIQACodChtycF9oOlRnS1dkTXhDVGpSNjczamEyQ0RyZXc%7C0d5T18pGGui%7C?hl=id",
"Nasi Goreng Jack Kosem","https://www.google.com/maps/search/?api=1&query=Nasi%20Goreng%20Jack%20Kosem&query_place_id=ChIJryoR4r2JcC4RXw_vrGvrG-0","5","Vigana Agustian (Berkah Jaya Motor)","https://www.google.com/maps/reviews/data=!4m8!14m7!1m6!2m5!1sChZDSUhNMG9nS0VJQ0FnSURCa01Ec2FBEAE!2m1!1s0x0:0xed1beb6bacef0f5f!3m1!1s2@1:CIHM0ogKEICAgIDBkMDsaA%7CCgwI7fL4owYQwOqB2QE%7C?hl=id","Masokkk sekaliiii"
"Nasi Goreng Jack Kosem","https://www.google.com/maps/search/?api=1&query=Nasi%20Goreng%20Jack%20Kosem&query_place_id=ChIJryoR4r2JcC4RXw_vrGvrG-0","5","Agung Pelo","https://www.google.com/maps/reviews/data=!4m8!14m7!1m6!2m5!1sChZDSUhNMG9nS0VJQ0FnSUR5d0xmYkZBEAE!2m1!1s0x0:0xed1beb6bacef0f5f!3m1!1s2@1:CIHM0ogKEICAgIDywLfbFA%7CCgwIrPnBgQYQ4IrCiQI%7C?hl=id","manta pokok e"
"Nasi Goreng Jack Kosem","https://www.google.com/maps/search/?api=1&query=Nasi%20Goreng%20Jack%20Kosem&query_place_id=ChIJryoR4r2JcC4RXw_vrGvrG-0","5","Wilis Yulianto","https://www.google.com/maps/reviews/data=!4m8!14m7!1m6!2m5!1sCi9DQUlRQUNvZENodHljRjlvT2pCRlpWZ3laRTF4ZG05dVVUYzNUbkZoY1d3NE1XYxAB!2m1!1s0x0:0xed1beb6bacef0f5f!3m1!1s2@1:CAIQACodChtycF9oOjBFZVgyZE1xdm9uUTc3TnFhcWw4MWc%7C0cJ01CjgY-j%7C?hl=id",
"Nasi Goreng Jack Kosem","https://www.google.com/maps/search/?api=1&query=Nasi%20Goreng%20Jack%20Kosem&query_place_id=ChIJryoR4r2JcC4RXw_vrGvrG-0","5","Candra Suryawan","https://www.google.com/maps/reviews/data=!4m8!14m7!1m6!2m5!1sChZDSUhNMG9nS0VJQ0FnSUNVbC1UckxBEAE!2m1!1s0x0:0xed1beb6bacef0f5f!3m1!1s2@1:CIHM0ogKEICAgICUl-TrLA%7CCgwIu7XimAYQ8JTjzgE%7C?hl=id","Juossssss"
"Nasi Goreng Jack Kosem","https://www.google.com/maps/search/?api=1&query=Nasi%20Goreng%20Jack%20Kosem&query_place_id=ChIJryoR4r2JcC4RXw_vrGvrG-0","5","Jazilatul Kamila","https://www.google.com/maps/reviews/data=!4m8!14m7!1m6!2m5!1sChdDSUhNMG9nS0VJQ0FnSUQ5NE5hLTd3RRAB!2m1!1s0x0:0xed1beb6bacef0f5f!3m1!1s2@1:CIHM0ogKEICAgID94Na-7wE%7CCgsI4Y_ArwYQyNGzDQ%7C?hl=id","Best taste👍👍"
"Nasi Goreng Jack Kosem","https://www.google.com/maps/search/?api=1&query=Nasi%20Goreng%20Jack%20Kosem&query_place_id=ChIJryoR4r2JcC4RXw_vrGvrG-0","5","yudia risnawati","https://www.google.com/maps/reviews/data=!4m8!14m7!1m6!2m5!1sChZDSUhNMG9nS0VJQ0FnSUQzenRXaVhREAE!2m1!1s0x0:0xed1beb6bacef0f5f!3m1!1s2@1:CIHM0ogKEICAgID3ztWiXQ%7CCgwIqNDbuQYQyPup2QI%7C?hl=id",
"Nasi Goreng Jack Kosem","https://www.google.com/maps/search/?api=1&query=Nasi%20Goreng%20Jack%20Kosem&query_place_id=ChIJryoR4r2JcC4RXw_vrGvrG-0","5","Setyo Anang Rifanto","https://www.google.com/maps/reviews/data=!4m8!14m7!1m6!2m5!1sChdDSUhNMG9nS0VJQ0FnSUNubC1QYXlBRRAB!2m1!1s0x0:0xed1beb6bacef0f5f!3m1!1s2@1:CIHM0ogKEICAgICnl-PayAE%7CCgwIi-7stwYQ6IXJ0QI%7C?hl=id",
"Nasi Goreng Jack Kosem","https://www.google.com/maps/search/?api=1&query=Nasi%20Goreng%20Jack%20Kosem&query_place_id=ChIJryoR4r2JcC4RXw_vrGvrG-0","5","unitbintibmas polrestabessemarang","https://www.google.com/maps/reviews/data=!4m8!14m7!1m6!2m5!1sChdDSUhNMG9nS0VJQ0FnSURyMnNMRjBnRRAB!2m1!1s0x0:0xed1beb6bacef0f5f!3m1!1s2@1:CIHM0ogKEICAgIDr2sLF0gE%7CCgsIqvbbtAYQ0Lq8Aw%7C?hl=id",
"Nasi Goreng Jack Kosem","https://www.google.com/maps/search/?api=1&query=Nasi%20Goreng%20Jack%20Kosem&query_place_id=ChIJryoR4r2JcC4RXw_vrGvrG-0","5","Titania Cahyaning Widhi","https://www.google.com/maps/reviews/data=!4m8!14m7!1m6!2m5!1sChZDSUhNMG9nS0VJQ0FnSUNyd1A2b0N3EAE!2m1!1s0x0:0xed1beb6bacef0f5f!3m1!1s2@1:CIHM0ogKEICAgICrwP6oCw%7CCgwIn9iStAYQ-MGl4gE%7C?hl=id",
"Nasi Goreng Jack Kosem","https://www.google.com/maps/search/?api=1&query=Nasi%20Goreng%20Jack%20Kosem&query_place_id=ChIJryoR4r2JcC4RXw_vrGvrG-0","5","Budi Sujiwa","https://www.google.com/maps/reviews/data=!4m8!14m7!1m6!2m5!1sChZDSUhNMG9nS0VJQ0FnSUQ5OGZ5OUJ3EAE!2m1!1s0x0:0xed1beb6bacef0f5f!3m1!1s2@1:CIHM0ogKEICAgID98fy9Bw%7CCgwI1eTerwYQ8IuG6wI%7C?hl=id",
"Nasi Goreng Jack Kosem","https://www.google.com/maps/search/?api=1&query=Nasi%20Goreng%20Jack%20Kosem&query_place_id=ChIJryoR4r2JcC4RXw_vrGvrG-0","5","Grego Dwi","https://www.google.com/maps/reviews/data=!4m8!14m7!1m6!2m5!1sChZDSUhNMG9nS0VJQ0FnSURKNWRpSlFnEAE!2m1!1s0x0:0xed1beb6bacef0f5f!3m1!1s2@1:CIHM0ogKEICAgIDJ5diJQg%7CCgsIr4DnpQYQsODYbw%7C?hl=id",
"Nasi Goreng Jack Kosem","https://www.google.com/maps/search/?api=1&query=Nasi%20Goreng%20Jack%20Kosem&query_place_id=ChIJryoR4r2JcC4RXw_vrGvrG-0","5","Fahrul Nizam_ 1A","https://www.google.com/maps/reviews/data=!4m8!14m7!1m6!2m5!1sChZDSUhNMG9nS0VJQ0FnSUR4ak5PdUxREAE!2m1!1s0x0:0xed1beb6bacef0f5f!3m1!1s2@1:CIHM0ogKEICAgIDxjNOuLQ%7CCgwIsYvrowYQ2IT29AE%7C?hl=id",
"Nasi Goreng Jack Kosem","https://www.google.com/maps/search/?api=1&query=Nasi%20Goreng%20Jack%20Kosem&query_place_id=ChIJryoR4r2JcC4RXw_vrGvrG-0","5","RADEN RONNY","https://www.google.com/maps/reviews/data=!4m8!14m7!1m6!2m5!1sChZDSUhNMG9nS0VJQ0FnSURSdGZEZ2ZBEAE!2m1!1s0x0:0xed1beb6bacef0f5f!3m1!1s2@1:CIHM0ogKEICAgIDRtfDgfA%7CCgwIsoa6ogYQkMaphgM%7C?hl=id",
"Nasi Goreng Jack Kosem","https://www.google.com/maps/search/?api=1&query=Nasi%20Goreng%20Jack%20Kosem&query_place_id=ChIJryoR4r2JcC4RXw_vrGvrG-0","5","Muhamad Maskur","https://www.google.com/maps/reviews/data=!4m8!14m7!1m6!2m5!1sChZDSUhNMG9nS0VJQ0FnSUNSN3NDblpBEAE!2m1!1s0x0:0xed1beb6bacef0f5f!3m1!1s2@1:CIHM0ogKEICAgICR7sCnZA%7CCgwI38iloQYQ0NGVwgE%7C?hl=id",
"Nasi Goreng Jack Kosem","https://www.google.com/maps/search/?api=1&query=Nasi%20Goreng%20Jack%20Kosem&query_place_id=ChIJryoR4r2JcC4RXw_vrGvrG-0","5","Hilal Fiya","https://www.google.com/maps/reviews/data=!4m8!14m7!1m6!2m5!1sChZDSUhNMG9nS0VJQ0FnSURoOWZxMExBEAE!2m1!1s0x0:0xed1beb6bacef0f5f!3m1!1s2@1:CIHM0ogKEICAgIDh9fq0LA%7CCgwI69nBoAYQ0JjGsgM%7C?hl=id",
"Nasi Goreng Jack Kosem","https://www.google.com/maps/search/?api=1&query=Nasi%20Goreng%20Jack%20Kosem&query_place_id=ChIJryoR4r2JcC4RXw_vrGvrG-0","5","Sibaweh","https://www.google.com/maps/reviews/data=!4m8!14m7!1m6!2m5!1sChZDSUhNMG9nS0VJQ0FnSURoNHBqY2JnEAE!2m1!1s0x0:0xed1beb6bacef0f5f!3m1!1s2@1:CIHM0ogKEICAgIDh4pjcbg%7CCgwIiN2PoAYQsOeewQM%7C?hl=id",
"Nasi Goreng Jack Kosem","https://www.google.com/maps/search/?api=1&query=Nasi%20Goreng%20Jack%20Kosem&query_place_id=ChIJryoR4r2JcC4RXw_vrGvrG-0","5","Egie Gates","https://www.google.com/maps/reviews/data=!4m8!14m7!1m6!2m5!1sChdDSUhNMG9nS0VJQ0FnSURCaVBlczRRRRAB!2m1!1s0x0:0xed1beb6bacef0f5f!3m1!1s2@1:CIHM0ogKEICAgIDBiPes4QE%7CCgwIg9L0nQYQ8ILpywI%7C?hl=id",
"Nasi Goreng Jack Kosem","https://www.google.com/maps/search/?api=1&query=Nasi%20Goreng%20Jack%20Kosem&query_place_id=ChIJryoR4r2JcC4RXw_vrGvrG-0","5","ariyanto tok","https://www.google.com/maps/reviews/data=!4m8!14m7!1m6!2m5!1sChdDSUhNMG9nS0VJQ0FnSUQtN283dHlnRRAB!2m1!1s0x0:0xed1beb6bacef0f5f!3m1!1s2@1:CIHM0ogKEICAgID-7o7tygE%7CCgwIxdmcnAYQsKSqggI%7C?hl=id",
"Nasi Goreng Jack Kosem","https://www.google.com/maps/search/?api=1&query=Nasi%20Goreng%20Jack%20Kosem&query_place_id=ChIJryoR4r2JcC4RXw_vrGvrG-0","5","Yudha Adi Tama","https://www.google.com/maps/reviews/data=!4m8!14m7!1m6!2m5!1sChdDSUhNMG9nS0VJQ0FnSUQtc01UVXF3RRAB!2m1!1s0x0:0xed1beb6bacef0f5f!3m1!1s2@1:CIHM0ogKEICAgID-sMTUqwE%7CCgwIkpPimwYQoLub4AE%7C?hl=id",
"Nasi Goreng Jack Kosem","https://www.google.com/maps/search/?api=1&query=Nasi%20Goreng%20Jack%20Kosem&query_place_id=ChIJryoR4r2JcC4RXw_vrGvrG-0","5","Zanna Aura","https://www.google.com/maps/reviews/data=!4m8!14m7!1m6!2m5!1sChdDSUhNMG9nS0VJQ0FnSURlOGVTRTRRRRAB!2m1!1s0x0:0xed1beb6bacef0f5f!3m1!1s2@1:CIHM0ogKEICAgIDe8eSE4QE%7CCgsI0N2dmgYQsLz0QA%7C?hl=id",
"Nasi Goreng Jack Kosem","https://www.google.com/maps/search/?api=1&query=Nasi%20Goreng%20Jack%20Kosem&query_place_id=ChIJryoR4r2JcC4RXw_vrGvrG-0","5","Nana Sweet","https://www.google.com/maps/reviews/data=!4m8!14m7!1m6!2m5!1sChZDSUhNMG9nS0VJQ0FnSUR1eXJQWUx3EAE!2m1!1s0x0:0xed1beb6bacef0f5f!3m1!1s2@1:CIHM0ogKEICAgIDuyrPYLw%7CCgsI_Y_3lwYQuMGeGw%7C?hl=id",
"Nasi Goreng Jack Kosem","https://www.google.com/maps/search/?api=1&query=Nasi%20Goreng%20Jack%20Kosem&query_place_id=ChIJryoR4r2JcC4RXw_vrGvrG-0","5","Bian Dewi Sagitaria","https://www.google.com/maps/reviews/data=!4m8!14m7!1m6!2m5!1sChdDSUhNMG9nS0VJQ0FnSUNPa1pHUnpBRRAB!2m1!1s0x0:0xed1beb6bacef0f5f!3m1!1s2@1:CIHM0ogKEICAgICOkZGRzAE%7CCgwI9K6XlQYQkNWnhQM%7C?hl=id",
"Nasi Goreng Jack Kosem","https://www.google.com/maps/search/?api=1&query=Nasi%20Goreng%20Jack%20Kosem&query_place_id=ChIJryoR4r2JcC4RXw_vrGvrG-0","5","D4C1N6 Arc","https://www.google.com/maps/reviews/data=!4m8!14m7!1m6!2m5!1sCi9DQUlRQUNvZENodHljRjlvT2tRMk9EVmFhRmhWWDBaT2JrOUNSV2xOY0VWbFlXYxAB!2m1!1s0x0:0xed1beb6bacef0f5f!3m1!1s2@1:CAIQACodChtycF9oOkQ2ODVaaFhVX0ZObk9CRWlNcEVlYWc%7C0dFf3jY4HUz%7C?hl=id",
"Nasi Goreng Jack Kosem","https://www.google.com/maps/search/?api=1&query=Nasi%20Goreng%20Jack%20Kosem&query_place_id=ChIJryoR4r2JcC4RXw_vrGvrG-0","5","anggie kepenk","https://www.google.com/maps/reviews/data=!4m8!14m7!1m6!2m5!1sCi9DQUlRQUNvZENodHljRjlvT21wc1dXeElSVGhTY21scmJFZzBWMmx1UzJZM1dIYxAB!2m1!1s0x0:0xed1beb6bacef0f5f!3m1!1s2@1:CAIQACodChtycF9oOmpsWWxIRThScmlrbEg0V2luS2Y3WHc%7C0d-zw-c6yrD%7C?hl=id",
"Nasi Goreng Jack Kosem","https://www.google.com/maps/search/?api=1&query=Nasi%20Goreng%20Jack%20Kosem&query_place_id=ChIJryoR4r2JcC4RXw_vrGvrG-0","5","RI SI AWAN","https://www.google.com/maps/reviews/data=!4m8!14m7!1m6!2m5!1sCi9DQUlRQUNvZENodHljRjlvT21wemRFOVBObnBtUmsweFYwTlliMWxqVW5ZME4zYxAB!2m1!1s0x0:0xed1beb6bacef0f5f!3m1!1s2@1:CAIQACodChtycF9oOmpzdE9PNnpmRk0xV0NYb1ljUnY0N3c%7C0cQYq80BfIg%7C?hl=id",
"Nasi Goreng Jack Kosem","https://www.google.com/maps/search/?api=1&query=Nasi%20Goreng%20Jack%20Kosem&query_place_id=ChIJryoR4r2JcC4RXw_vrGvrG-0","5","danang kristiawan (Pelampah Tambun)","https://www.google.com/maps/reviews/data=!4m8!14m7!1m6!2m5!1sChdDSUhNMG9nS0VJQ0FnSUNYbzRXU3hRRRAB!2m1!1s0x0:0xed1beb6bacef0f5f!3m1!1s2@1:CIHM0ogKEICAgICXo4WSxQE%7CCgsI77_RuAYQkMmpYg%7C?hl=id",
"Nasi Goreng Jack Kosem","https://www.google.com/maps/search/?api=1&query=Nasi%20Goreng%20Jack%20Kosem&query_place_id=ChIJryoR4r2JcC4RXw_vrGvrG-0","5","Fadila Fatmawati","https://www.google.com/maps/reviews/data=!4m8!14m7!1m6!2m5!1sChZDSUhNMG9nS0VJQ0FnSUNqNHMzb2VnEAE!2m1!1s0x0:0xed1beb6bacef0f5f!3m1!1s2@1:CIHM0ogKEICAgICj4s3oeg%7CCgwInuqJsQYQgOPGqwI%7C?hl=id",
"Nasi Goreng Jack Kosem","https://www.google.com/maps/search/?api=1&query=Nasi%20Goreng%20Jack%20Kosem&query_place_id=ChIJryoR4r2JcC4RXw_vrGvrG-0","5","Yeremia Sie","https://www.google.com/maps/reviews/data=!4m8!14m7!1m6!2m5!1sChZDSUhNMG9nS0VJQ0FnSUNEc2ZQd2JREAE!2m1!1s0x0:0xed1beb6bacef0f5f!3m1!1s2@1:CIHM0ogKEICAgICDsfPwbQ%7CCgwIwLubsAYQgLbyyAM%7C?hl=id",
"Nasi Goreng Jack Kosem","https://www.google.com/maps/search/?api=1&query=Nasi%20Goreng%20Jack%20Kosem&query_place_id=ChIJryoR4r2JcC4RXw_vrGvrG-0","5","Ayu Rahmawati","https://www.google.com/maps/reviews/data=!4m8!14m7!1m6!2m5!1sChZDSUhNMG9nS0VJQ0FnSUNsckx5YlJREAE!2m1!1s0x0:0xed1beb6bacef0f5f!3m1!1s2@1:CIHM0ogKEICAgIClrLybRQ%7CCgwI8ZLOqgYQ4PD-vQI%7C?hl=id",
"Nasi Goreng Jack Kosem","https://www.google.com/maps/search/?api=1&query=Nasi%20Goreng%20Jack%20Kosem&query_place_id=ChIJryoR4r2JcC4RXw_vrGvrG-0","5","Wawan Setiawan","https://www.google.com/maps/reviews/data=!4m8!14m7!1m6!2m5!1sChdDSUhNMG9nS0VJQ0FnSUNGeS03bzVBRRAB!2m1!1s0x0:0xed1beb6bacef0f5f!3m1!1s2@1:CIHM0ogKEICAgICFy-7o5AE%7CCgwIua-OqgYQ6O2g5AE%7C?hl=id",
"Nasi Goreng Jack Kosem","https://www.google.com/maps/search/?api=1&query=Nasi%20Goreng%20Jack%20Kosem&query_place_id=ChIJryoR4r2JcC4RXw_vrGvrG-0","5","Juna Akuntan","https://www.google.com/maps/reviews/data=!4m8!14m7!1m6!2m5!1sChdDSUhNMG9nS0VJQ0FnSUNGN2JUMjd3RRAB!2m1!1s0x0:0xed1beb6bacef0f5f!3m1!1s2@1:CIHM0ogKEICAgICF7bT27wE%7CCgwInv2CqgYQ8OrWqgI%7C?hl=id",
"Nasi Goreng Jack Kosem","https://www.google.com/maps/search/?api=1&query=Nasi%20Goreng%20Jack%20Kosem&query_place_id=ChIJryoR4r2JcC4RXw_vrGvrG-0","5","Santi Widodo","https://www.google.com/maps/reviews/data=!4m8!14m7!1m6!2m5!1sChdDSUhNMG9nS0VJQ0FnSURKZ0tpaHFBRRAB!2m1!1s0x0:0xed1beb6bacef0f5f!3m1!1s2@1:CIHM0ogKEICAgIDJgKihqAE%7CCgsInbulpQYQqOfXCQ%7C?hl=id",
"Nasi Goreng Jack Kosem","https://www.google.com/maps/search/?api=1&query=Nasi%20Goreng%20Jack%20Kosem&query_place_id=ChIJryoR4r2JcC4RXw_vrGvrG-0","5","Kurnia Arif Budiawan","https://www.google.com/maps/reviews/data=!4m8!14m7!1m6!2m5!1sChdDSUhNMG9nS0VJQ0FnSUNKcXN2anVnRRAB!2m1!1s0x0:0xed1beb6bacef0f5f!3m1!1s2@1:CIHM0ogKEICAgICJqsvjugE%7CCgwIqOXepAYQ0OKlmQM%7C?hl=id",
"Nasi Goreng Jack Kosem","https://www.google.com/maps/search/?api=1&query=Nasi%20Goreng%20Jack%20Kosem&query_place_id=ChIJryoR4r2JcC4RXw_vrGvrG-0","5","hensem man","https://www.google.com/maps/reviews/data=!4m8!14m7!1m6!2m5!1sChdDSUhNMG9nS0VJQ0FnSUN4NDlPdmd3RRAB!2m1!1s0x0:0xed1beb6bacef0f5f!3m1!1s2@1:CIHM0ogKEICAgICx49OvgwE%7CCgwIrNO7owYQsJS25AE%7C?hl=id",
"Nasi Goreng Jack Kosem","https://www.google.com/maps/search/?api=1&query=Nasi%20Goreng%20Jack%20Kosem&query_place_id=ChIJryoR4r2JcC4RXw_vrGvrG-0","5","NOVA RIS","https://www.google.com/maps/reviews/data=!4m8!14m7!1m6!2m5!1sChdDSUhNMG9nS0VJQ0FnSURSeF9Tc19nRRAB!2m1!1s0x0:0xed1beb6bacef0f5f!3m1!1s2@1:CIHM0ogKEICAgIDRx_Ss_gE%7CCgsI477SogYQ2J-oEQ%7C?hl=id",
"Nasi Goreng Jack Kosem","https://www.google.com/maps/search/?api=1&query=Nasi%20Goreng%20Jack%20Kosem&query_place_id=ChIJryoR4r2JcC4RXw_vrGvrG-0","5","mie ayam","https://www.google.com/maps/reviews/data=!4m8!14m7!1m6!2m5!1sChZDSUhNMG9nS0VJQ0FnSURSdU9qZkZBEAE!2m1!1s0x0:0xed1beb6bacef0f5f!3m1!1s2@1:CIHM0ogKEICAgIDRuOjfFA%7CCgwI4_r0oQYQoPyVvwE%7C?hl=id",
"Nasi Goreng Jack Kosem","https://www.google.com/maps/search/?api=1&query=Nasi%20Goreng%20Jack%20Kosem&query_place_id=ChIJryoR4r2JcC4RXw_vrGvrG-0","5","Muhamad Faizun","https://www.google.com/maps/reviews/data=!4m8!14m7!1m6!2m5!1sChdDSUhNMG9nS0VJQ0FnSURCazUtbmlnRRAB!2m1!1s0x0:0xed1beb6bacef0f5f!3m1!1s2@1:CIHM0ogKEICAgIDBk5-nigE%7CCgwIjrLRngYQsIeHgAM%7C?hl=id",
"Nasi Goreng Jack Kosem","https://www.google.com/maps/search/?api=1&query=Nasi%20Goreng%20Jack%20Kosem&query_place_id=ChIJryoR4r2JcC4RXw_vrGvrG-0","5","Sulis Yadi","https://www.google.com/maps/reviews/data=!4m8!14m7!1m6!2m5!1sChdDSUhNMG9nS0VJQ0FnSUQtcHV5cS13RRAB!2m1!1s0x0:0xed1beb6bacef0f5f!3m1!1s2@1:CIHM0ogKEICAgID-puyq-wE%7CCgwIiIyTnAYQgOCH6gI%7C?hl=id",
"Nasi Goreng Jack Kosem","https://www.google.com/maps/search/?api=1&query=Nasi%20Goreng%20Jack%20Kosem&query_place_id=ChIJryoR4r2JcC4RXw_vrGvrG-0","5","Fajar Lazuardiyanto","https://www.google.com/maps/reviews/data=!4m8!14m7!1m6!2m5!1sChZDSUhNMG9nS0VJQ0FnSUR1MzgyUFlnEAE!2m1!1s0x0:0xed1beb6bacef0f5f!3m1!1s2@1:CIHM0ogKEICAgIDu382PYg%7CCgsIst7HmAYQ6M2WYA%7C?hl=id",
"Nasi Goreng Jack Kosem","https://www.google.com/maps/search/?api=1&query=Nasi%20Goreng%20Jack%20Kosem&query_place_id=ChIJryoR4r2JcC4RXw_vrGvrG-0","5","Nyonya Besar","https://www.google.com/maps/reviews/data=!4m8!14m7!1m6!2m5!1sChdDSUhNMG9nS0VJQ0FnSUQyOXB6SXpBRRAB!2m1!1s0x0:0xed1beb6bacef0f5f!3m1!1s2@1:CIHM0ogKEICAgID29pzIzAE%7CCgsIkJL_kwYQoOugXA%7C?hl=id",
"Nasi Goreng Jack Kosem","https://www.google.com/maps/search/?api=1&query=Nasi%20Goreng%20Jack%20Kosem&query_place_id=ChIJryoR4r2JcC4RXw_vrGvrG-0","5","Fadzli Rois","https://www.google.com/maps/reviews/data=!4m8!14m7!1m6!2m5!1sChZDSUhNMG9nS0VJQ0FnSUMyNjRmT0VREAE!2m1!1s0x0:0xed1beb6bacef0f5f!3m1!1s2@1:CIHM0ogKEICAgIC264fOEQ%7CCgwIzbqpkwYQoLWDuQM%7C?hl=id",
"Nasi Goreng Jack Kosem","https://www.google.com/maps/search/?api=1&query=Nasi%20Goreng%20Jack%20Kosem&query_place_id=ChIJryoR4r2JcC4RXw_vrGvrG-0","5","siswo hanjoyo","https://www.google.com/maps/reviews/data=!4m8!14m7!1m6!2m5!1sChdDSUhNMG9nS0VJQ0FnSUMybnRiVzN3RRAB!2m1!1s0x0:0xed1beb6bacef0f5f!3m1!1s2@1:CIHM0ogKEICAgIC2ntbW3wE%7CCgsI3OOFkwYQ4PGWLg%7C?hl=id",
"Nasi Goreng Jack Kosem","https://www.google.com/maps/search/?api=1&query=Nasi%20Goreng%20Jack%20Kosem&query_place_id=ChIJryoR4r2JcC4RXw_vrGvrG-0","5","Wiratmi Pardiman","https://www.google.com/maps/reviews/data=!4m8!14m7!1m6!2m5!1sChdDSUhNMG9nS0VJQ0FnSUNXclpYVGhnRRAB!2m1!1s0x0:0xed1beb6bacef0f5f!3m1!1s2@1:CIHM0ogKEICAgICWrZXThgE%7CCgoI6beHkQYQuJtS%7C?hl=id",
"Nasi Goreng Jack Kosem","https://www.google.com/maps/search/?api=1&query=Nasi%20Goreng%20Jack%20Kosem&query_place_id=ChIJryoR4r2JcC4RXw_vrGvrG-0","5","Sabilafalah Salsabila","https://www.google.com/maps/reviews/data=!4m8!14m7!1m6!2m5!1sChZDSUhNMG9nS0VJQ0FnSUNtNV8tMkRREAE!2m1!1s0x0:0xed1beb6bacef0f5f!3m1!1s2@1:CIHM0ogKEICAgICm5_-2DQ%7CCgsIz5j5jgYQiO-7Dg%7C?hl=id",
"Nasi Goreng Jack Kosem","https://www.google.com/maps/search/?api=1&query=Nasi%20Goreng%20Jack%20Kosem&query_place_id=ChIJryoR4r2JcC4RXw_vrGvrG-0","5","Gemilang Bee","https://www.google.com/maps/reviews/data=!4m8!14m7!1m6!2m5!1sChZDSUhNMG9nS0VJQ0FnSUNtcDgyU0lREAE!2m1!1s0x0:0xed1beb6bacef0f5f!3m1!1s2@1:CIHM0ogKEICAgICmp82SIQ%7CCgwI8Kr3jgYQwIiXnwM%7C?hl=id",
"Nasi Goreng Jack Kosem","https://www.google.com/maps/search/?api=1&query=Nasi%20Goreng%20Jack%20Kosem&query_place_id=ChIJryoR4r2JcC4RXw_vrGvrG-0","5","Sari Wahyuningsih","https://www.google.com/maps/reviews/data=!4m8!14m7!1m6!2m5!1sChdDSUhNMG9nS0VJQ0FnSUNtbEx1eHdBRRAB!2m1!1s0x0:0xed1beb6bacef0f5f!3m1!1s2@1:CIHM0ogKEICAgICmlLuxwAE%7CCgwI0pH9jQYQoJKg1QE%7C?hl=id",
"Nasi Goreng Jack Kosem","https://www.google.com/maps/search/?api=1&query=Nasi%20Goreng%20Jack%20Kosem&query_place_id=ChIJryoR4r2JcC4RXw_vrGvrG-0","5","Tito Rizqi","https://www.google.com/maps/reviews/data=!4m8!14m7!1m6!2m5!1sChZDSUhNMG9nS0VJQ0FnSUNHNnZ1ekFnEAE!2m1!1s0x0:0xed1beb6bacef0f5f!3m1!1s2@1:CIHM0ogKEICAgICG6vuzAg%7CCgsIwPffiwYQsOugOw%7C?hl=id",
"Nasi Goreng Jack Kosem","https://www.google.com/maps/search/?api=1&query=Nasi%20Goreng%20Jack%20Kosem&query_place_id=ChIJryoR4r2JcC4RXw_vrGvrG-0","5","Endang Sri Rahayu","https://www.google.com/maps/reviews/data=!4m8!14m7!1m6!2m5!1sChZDSUhNMG9nS0VJQ0FnSUNHNHV5YmRBEAE!2m1!1s0x0:0xed1beb6bacef0f5f!3m1!1s2@1:CIHM0ogKEICAgICG4uybdA%7CCgwI497ViwYQwKn50QI%7C?hl=id",
"Nasi Goreng Jack Kosem","https://www.google.com/maps/search/?api=1&query=Nasi%20Goreng%20Jack%20Kosem&query_place_id=ChIJryoR4r2JcC4RXw_vrGvrG-0","5","Roby Thox","https://www.google.com/maps/reviews/data=!4m8!14m7!1m6!2m5!1sChZDSUhNMG9nS0VJQ0FnSUQ2NHVqQURnEAE!2m1!1s0x0:0xed1beb6bacef0f5f!3m1!1s2@1:CIHM0ogKEICAgID64ujADg%7CCgsIq4a4igYQiNruKQ%7C?hl=id",
"Nasi Goreng Jack Kosem","https://www.google.com/maps/search/?api=1&query=Nasi%20Goreng%20Jack%20Kosem&query_place_id=ChIJryoR4r2JcC4RXw_vrGvrG-0","5","Hasan grnkz","https://www.google.com/maps/reviews/data=!4m8!14m7!1m6!2m5!1sChZDSUhNMG9nS0VJQ0FnSURhdHRlY1B3EAE!2m1!1s0x0:0xed1beb6bacef0f5f!3m1!1s2@1:CIHM0ogKEICAgIDattecPw%7CCgwIz7yDiQYQ0OSihAE%7C?hl=id",
"Nasi Goreng Jack Kosem","https://www.google.com/maps/search/?api=1&query=Nasi%20Goreng%20Jack%20Kosem&query_place_id=ChIJryoR4r2JcC4RXw_vrGvrG-0","5","Dwi nadiya","https://www.google.com/maps/reviews/data=!4m8!14m7!1m6!2m5!1sChdDSUhNMG9nS0VJQ0FnSURxNkpla25BRRAB!2m1!1s0x0:0xed1beb6bacef0f5f!3m1!1s2@1:CIHM0ogKEICAgIDq6JeknAE%7CCgwIiLbihgYQwOTYjQM%7C?hl=id",
"Nasi Goreng Jack Kosem","https://www.google.com/maps/search/?api=1&query=Nasi%20Goreng%20Jack%20Kosem&query_place_id=ChIJryoR4r2JcC4RXw_vrGvrG-0","5","Yanto Ado","https://www.google.com/maps/reviews/data=!4m8!14m7!1m6!2m5!1sChdDSUhNMG9nS0VJQ0FnSUNLb3VqSGhnRRAB!2m1!1s0x0:0xed1beb6bacef0f5f!3m1!1s2@1:CIHM0ogKEICAgICKoujHhgE%7CCgwI4LGNgwYQgKOXpgI%7C?hl=id",
"Nasi Goreng Jack Kosem","https://www.google.com/maps/search/?api=1&query=Nasi%20Goreng%20Jack%20Kosem&query_place_id=ChIJryoR4r2JcC4RXw_vrGvrG-0","5","Erfan Dwi Istiawan","https://www.google.com/maps/reviews/data=!4m8!14m7!1m6!2m5!1sChZDSUhNMG9nS0VJQ0FnSUR5ekptdlRREAE!2m1!1s0x0:0xed1beb6bacef0f5f!3m1!1s2@1:CIHM0ogKEICAgIDyzJmvTQ%7CCgsI-oXlgQYQ4MjQOw%7C?hl=id",
"Nasi Goreng Jack Kosem","https://www.google.com/maps/search/?api=1&query=Nasi%20Goreng%20Jack%20Kosem&query_place_id=ChIJryoR4r2JcC4RXw_vrGvrG-0","5","pram esti","https://www.google.com/maps/reviews/data=!4m8!14m7!1m6!2m5!1sChZDSUhNMG9nS0VJQ0FnSUR5ME8yMU9nEAE!2m1!1s0x0:0xed1beb6bacef0f5f!3m1!1s2@1:CIHM0ogKEICAgIDy0O21Og%7CCgwIrfTHgQYQyPLxxQE%7C?hl=id",
"Nasi Goreng Jack Kosem","https://www.google.com/maps/search/?api=1&query=Nasi%20Goreng%20Jack%20Kosem&query_place_id=ChIJryoR4r2JcC4RXw_vrGvrG-0","5","dicks tole","https://www.google.com/maps/reviews/data=!4m8!14m7!1m6!2m5!1sChZDSUhNMG9nS0VJQ0FnSUN5M2J1SVRREAE!2m1!1s0x0:0xed1beb6bacef0f5f!3m1!1s2@1:CIHM0ogKEICAgICy3buITQ%7CCgsIuaaNgQYQwNKoKA%7C?hl=id",
"Nasi Goreng Jack Kosem","https://www.google.com/maps/search/?api=1&query=Nasi%20Goreng%20Jack%20Kosem&query_place_id=ChIJryoR4r2JcC4RXw_vrGvrG-0","5","Ari Sugiarto","https://www.google.com/maps/reviews/data=!4m8!14m7!1m6!2m5!1sChdDSUhNMG9nS0VJQ0FnSUNjOGFHczlBRRAB!2m1!1s0x0:0xed1beb6bacef0f5f!3m1!1s2@1:CIHM0ogKEICAgICc8aGs9AE%7CCgsIgOCx8wUQiMaLaA%7C?hl=id",
"Nasi Goreng Jack Kosem","https://www.google.com/maps/search/?api=1&query=Nasi%20Goreng%20Jack%20Kosem&query_place_id=ChIJryoR4r2JcC4RXw_vrGvrG-0","5","azalia gaming","https://www.google.com/maps/reviews/data=!4m8!14m7!1m6!2m5!1sChdDSUhNMG9nS0VJQ0FnSURNaGFLZXFRRRAB!2m1!1s0x0:0xed1beb6bacef0f5f!3m1!1s2@1:CIHM0ogKEICAgIDMhaKeqQE%7CCgwIuanH8AUQ2KC_nwI%7C?hl=id",
"Nasi Goreng Jack Kosem","https://www.google.com/maps/search/?api=1&query=Nasi%20Goreng%20Jack%20Kosem&query_place_id=ChIJryoR4r2JcC4RXw_vrGvrG-0","5","Asyhar Ulinnuha 'Arif","https://www.google.com/maps/reviews/data=!4m8!14m7!1m6!2m5!1sChdDSUhNMG9nS0VJQ0FnSUQwc3RfS293RRAB!2m1!1s0x0:0xed1beb6bacef0f5f!3m1!1s2@1:CIHM0ogKEICAgID0st_KowE%7CCgwI78Pn7QUQ6Jbe1gI%7C?hl=id",
"Nasi Goreng Jack Kosem","https://www.google.com/maps/search/?api=1&query=Nasi%20Goreng%20Jack%20Kosem&query_place_id=ChIJryoR4r2JcC4RXw_vrGvrG-0","5","Aura Lintang Cahya Kamila","https://www.google.com/maps/reviews/data=!4m8!14m7!1m6!2m5!1sChZDSUhNMG9nS0VJQ0FnSUQwM0o2bGRnEAE!2m1!1s0x0:0xed1beb6bacef0f5f!3m1!1s2@1:CIHM0ogKEICAgID03J6ldg%7CCgwIyNDV7QUQ0K2O7wI%7C?hl=id",
"Nasi Goreng Jack Kosem","https://www.google.com/maps/search/?api=1&query=Nasi%20Goreng%20Jack%20Kosem&query_place_id=ChIJryoR4r2JcC4RXw_vrGvrG-0","5","Eva Sona","https://www.google.com/maps/reviews/data=!4m8!14m7!1m6!2m5!1sChdDSUhNMG9nS0VJQ0FnSUMwdExmQnlnRRAB!2m1!1s0x0:0xed1beb6bacef0f5f!3m1!1s2@1:CIHM0ogKEICAgIC0tLfBygE%7CCgwIxfH96wUQuOO69wI%7C?hl=id",
"Nasi Goreng Jack Kosem","https://www.google.com/maps/search/?api=1&query=Nasi%20Goreng%20Jack%20Kosem&query_place_id=ChIJryoR4r2JcC4RXw_vrGvrG-0","5","Bagus Aji Kurniawan","https://www.google.com/maps/reviews/data=!4m8!14m7!1m6!2m5!1sChZDSUhNMG9nS0VJQ0FnSURVbFlQNVBBEAE!2m1!1s0x0:0xed1beb6bacef0f5f!3m1!1s2@1:CIHM0ogKEICAgIDUlYP5PA%7CCgwI3s-k6wUQyMnSxgE%7C?hl=id",
"Nasi Goreng Jack Kosem","https://www.google.com/maps/search/?api=1&query=Nasi%20Goreng%20Jack%20Kosem&query_place_id=ChIJryoR4r2JcC4RXw_vrGvrG-0","5","Jlarang Gunung","https://www.google.com/maps/reviews/data=!4m8!14m7!1m6!2m5!1sChZDSUhNMG9nS0VJQ0FnSUNVaTk3YU5REAE!2m1!1s0x0:0xed1beb6bacef0f5f!3m1!1s2@1:CIHM0ogKEICAgICUi97aNQ%7CCgwIk5-c6gUQiNSByAI%7C?hl=id",
"Nasi Goreng Jack Kosem","https://www.google.com/maps/search/?api=1&query=Nasi%20Goreng%20Jack%20Kosem&query_place_id=ChIJryoR4r2JcC4RXw_vrGvrG-0","5","Anggi Harianto","https://www.google.com/maps/reviews/data=!4m8!14m7!1m6!2m5!1sChZDSUhNMG9nS0VJQ0FnSURrdC11RVJnEAE!2m1!1s0x0:0xed1beb6bacef0f5f!3m1!1s2@1:CIHM0ogKEICAgIDkt-uERg%7CCgwInuqb6QUQ4J_JrgI%7C?hl=id",
"Nasi Goreng Jack Kosem","https://www.google.com/maps/search/?api=1&query=Nasi%20Goreng%20Jack%20Kosem&query_place_id=ChIJryoR4r2JcC4RXw_vrGvrG-0","5","Jihan Anam Doop","https://www.google.com/maps/reviews/data=!4m8!14m7!1m6!2m5!1sChZDSUhNMG9nS0VJQ0FnSURZdTlYM05REAE!2m1!1s0x0:0xed1beb6bacef0f5f!3m1!1s2@1:CIHM0ogKEICAgIDYu9X3NQ%7CCgwI9pag5wUQoM6hyAM%7C?hl=id",
"Nasi Goreng Jack Kosem","https://www.google.com/maps/search/?api=1&query=Nasi%20Goreng%20Jack%20Kosem&query_place_id=ChIJryoR4r2JcC4RXw_vrGvrG-0","5","atiek indriyastuti","https://www.google.com/maps/reviews/data=!4m8!14m7!1m6!2m5!1sChdDSUhNMG9nS0VJQ0FnSURZa3Z1dXVRRRAB!2m1!1s0x0:0xed1beb6bacef0f5f!3m1!1s2@1:CIHM0ogKEICAgIDYkvuuuQE%7CCgwInui85gUQ4JPp-AI%7C?hl=id",
"Nasi Goreng Jack Kosem","https://www.google.com/maps/search/?api=1&query=Nasi%20Goreng%20Jack%20Kosem&query_place_id=ChIJryoR4r2JcC4RXw_vrGvrG-0","5","CAKROKV","https://www.google.com/maps/reviews/data=!4m8!14m7!1m6!2m5!1sChZDSUhNMG9nS0VJQ0FnSUNZMFlYQVNBEAE!2m1!1s0x0:0xed1beb6bacef0f5f!3m1!1s2@1:CIHM0ogKEICAgICY0YXASA%7CCgwI6vbH5QUQqPCH8AI%7C?hl=id",
"Nasi Goreng Jack Kosem","https://www.google.com/maps/search/?api=1&query=Nasi%20Goreng%20Jack%20Kosem&query_place_id=ChIJryoR4r2JcC4RXw_vrGvrG-0","5","goeritno poenya","https://www.google.com/maps/reviews/data=!4m8!14m7!1m6!2m5!1sChdDSUhNMG9nS0VJQ0FnSURnc3VxWnpnRRAB!2m1!1s0x0:0xed1beb6bacef0f5f!3m1!1s2@1:CIHM0ogKEICAgIDgsuqZzgE%7CCgwItcyN3AUQkMLBtgM%7C?hl=id",
"Nasi Goreng Jack Kosem","https://www.google.com/maps/search/?api=1&query=Nasi%20Goreng%20Jack%20Kosem&query_place_id=ChIJryoR4r2JcC4RXw_vrGvrG-0","5","Margiyono -","https://www.google.com/maps/reviews/data=!4m8!14m7!1m6!2m5!1sChdDSUhNMG9nS0VJQ0FnSUNBeHVQOXdnRRAB!2m1!1s0x0:0xed1beb6bacef0f5f!3m1!1s2@1:CIHM0ogKEICAgICAxuP9wgE%7CCgsIw63VywUQgLi4cg%7C?hl=id",
"Nasi Goreng Jack Kosem","https://www.google.com/maps/search/?api=1&query=Nasi%20Goreng%20Jack%20Kosem&query_place_id=ChIJryoR4r2JcC4RXw_vrGvrG-0","5","Anto Bey","https://www.google.com/maps/reviews/data=!4m8!14m7!1m6!2m5!1sChZDSUhNMG9nS0VJQ0FnSURBZ00zcVFnEAE!2m1!1s0x0:0xed1beb6bacef0f5f!3m1!1s2@1:CIHM0ogKEICAgIDAgM3qQg%7CCgsI8drMyQUQgOy4Cw%7C?hl=id",
"Nasi Goreng Jack Kosem","https://www.google.com/maps/search/?api=1&query=Nasi%20Goreng%20Jack%20Kosem&query_place_id=ChIJryoR4r2JcC4RXw_vrGvrG-0","5","Mz Nasir","https://www.google.com/maps/reviews/data=!4m8!14m7!1m6!2m5!1sChZDSUhNMG9nS0VJQ0FnSURnNWJHVk1BEAE!2m1!1s0x0:0xed1beb6bacef0f5f!3m1!1s2@1:CIHM0ogKEICAgIDg5bGVMA%7CCgwI9tG9xQUQwObowgI%7C?hl=id",
"Nasi Goreng Jack Kosem","https://www.google.com/maps/search/?api=1&query=Nasi%20Goreng%20Jack%20Kosem&query_place_id=ChIJryoR4r2JcC4RXw_vrGvrG-0","4","Nuru Sasandra","https://www.google.com/maps/reviews/data=!4m8!14m7!1m6!2m5!1sChRDSUhNMG9nS0VJQ0FnSUN3dnVwZxAB!2m1!1s0x0:0xed1beb6bacef0f5f!3m1!1s2@1:CIHM0ogKEICAgICwvupg%7CCgwI19Gh3AUQmJLNkgM%7C?hl=id","Alhamdulilah makanannya enak, porsinya banyak, harga bersahabat. Tempat nya juga lumayan luas dan mudah ditemukan karena lokasinya berada di pinggir jalan. Berhubung enak, jadi ketika beli di sini harap bersabar dengan ekstra. Karena antriannya lumayan cukup banyak. Pilihan menunya juga bervariatif, bisa di jadikan tempat makan favorit. 💓💓💓"
"Nasi Goreng Jack Kosem","https://www.google.com/maps/search/?api=1&query=Nasi%20Goreng%20Jack%20Kosem&query_place_id=ChIJryoR4r2JcC4RXw_vrGvrG-0","4","megasp","https://www.google.com/maps/reviews/data=!4m8!14m7!1m6!2m5!1sChdDSUhNMG9nS0VJQ0FnSUR0LXFlXzlnRRAB!2m1!1s0x0:0xed1beb6bacef0f5f!3m1!1s2@1:CIHM0ogKEICAgIDt-qe_9gE%7CCgsI2on8rQYQkNvGAw%7C?hl=id","Masakan disini enak2 semua. Apalagi nasi goreng, gongso, dan kwetiaunya mantap.
Tapi... harus sabaaar. Antrinya bisa 1 jam."
"Nasi Goreng Jack Kosem","https://www.google.com/maps/search/?api=1&query=Nasi%20Goreng%20Jack%20Kosem&query_place_id=ChIJryoR4r2JcC4RXw_vrGvrG-0","4","dimas hanif","https://www.google.com/maps/reviews/data=!4m8!14m7!1m6!2m5!1sChdDSUhNMG9nS0VJQ0FnSURCOTRMdjNRRRAB!2m1!1s0x0:0xed1beb6bacef0f5f!3m1!1s2@1:CIHM0ogKEICAgIDB94Lv3QE%7CCgsI34fkngYQyLeaNA%7C?hl=id","Tempat lumayan, parkir ada. Tapi kalau antri nya labih dari 5 orang biasanya lumayan lama nunggunya, tapi untuk rasa makanan enak. Porsi juga banyak, es teh nya jumbo doong"
"Nasi Goreng Jack Kosem","https://www.google.com/maps/search/?api=1&query=Nasi%20Goreng%20Jack%20Kosem&query_place_id=ChIJryoR4r2JcC4RXw_vrGvrG-0","4","Eko Ferirudin","https://www.google.com/maps/reviews/data=!4m8!14m7!1m6!2m5!1sChZDSUhNMG9nS0VJQ0FnSUNlMlBIVEVREAE!2m1!1s0x0:0xed1beb6bacef0f5f!3m1!1s2@1:CIHM0ogKEICAgICe2PHTEQ%7CCgwI8sDYmAYQyLqLjAE%7C?hl=id","Nasi goreng babat bumbunya enak, sayang babatnya agak menyengat baunya.
Tapi overall enak. Es teh banyak. Buka sampe malem, cocok buat yang laper mendadak."
"Nasi Goreng Jack Kosem","https://www.google.com/maps/search/?api=1&query=Nasi%20Goreng%20Jack%20Kosem&query_place_id=ChIJryoR4r2JcC4RXw_vrGvrG-0","4","Inggrid Sarasati","https://www.google.com/maps/reviews/data=!4m8!14m7!1m6!2m5!1sChdDSUhNMG9nS0VJQ0FnSUNxLS1YN2d3RRAB!2m1!1s0x0:0xed1beb6bacef0f5f!3m1!1s2@1:CIHM0ogKEICAgICq--X7gwE%7CCgsIrYS9hgYQoN6oPw%7C?hl=id","Enak, porsi lumayan banyak, antri lama beud soalnya rame"
"Nasi Goreng Jack Kosem","https://www.google.com/maps/search/?api=1&query=Nasi%20Goreng%20Jack%20Kosem&query_place_id=ChIJryoR4r2JcC4RXw_vrGvrG-0","4","Fatkur Rozi","https://www.google.com/maps/reviews/data=!4m8!14m7!1m6!2m5!1sChZDSUhNMG9nS0VJQ0FnSUQ4MTZTSkh3EAE!2m1!1s0x0:0xed1beb6bacef0f5f!3m1!1s2@1:CIHM0ogKEICAgID816SJHw%7CCgwIgKGa-QUQ6L23tQI%7C?hl=id","Enak mantap nasgor babatnya tapi antrinya lamaa"
"Nasi Goreng Jack Kosem","https://www.google.com/maps/search/?api=1&query=Nasi%20Goreng%20Jack%20Kosem&query_place_id=ChIJryoR4r2JcC4RXw_vrGvrG-0","4","Ismail Wahyu","https://www.google.com/maps/reviews/data=!4m8!14m7!1m6!2m5!1sChZDSUhNMG9nS0VJQ0FnSUR5c3JfRUJ3EAE!2m1!1s0x0:0xed1beb6bacef0f5f!3m1!1s2@1:CIHM0ogKEICAgIDysr_EBw%7CCgwIyo35gQYQyPLOoQM%7C?hl=id","Sem, cantumke nomor wa gen iso delivery"
"Nasi Goreng Jack Kosem","https://www.google.com/maps/search/?api=1&query=Nasi%20Goreng%20Jack%20Kosem&query_place_id=ChIJryoR4r2JcC4RXw_vrGvrG-0","4","Andhie Dhoank","https://www.google.com/maps/reviews/data=!4m8!14m7!1m6!2m5!1sChZDSUhNMG9nS0VJQ0FnTURBb1lycGNREAE!2m1!1s0x0:0xed1beb6bacef0f5f!3m1!1s2@1:CIHM0ogKEICAgMDAoYrpcQ%7CCgwIgJSjvQYQ-JDwhgI%7C?hl=id","Lumayan"
"Nasi Goreng Jack Kosem","https://www.google.com/maps/search/?api=1&query=Nasi%20Goreng%20Jack%20Kosem&query_place_id=ChIJryoR4r2JcC4RXw_vrGvrG-0","4","Nur Hidayatin Chasanah","https://www.google.com/maps/reviews/data=!4m8!14m7!1m6!2m5!1sChdDSUhNMG9nS0VJQ0FnSURrLUxxUi1RRRAB!2m1!1s0x0:0xed1beb6bacef0f5f!3m1!1s2@1:CIHM0ogKEICAgIDk-LqR-QE%7CCgsImKLD6AUQ2LuUWg%7C?hl=id","Tempat singgah kalau lapar di malam hari."
"Nasi Goreng Jack Kosem","https://www.google.com/maps/search/?api=1&query=Nasi%20Goreng%20Jack%20Kosem&query_place_id=ChIJryoR4r2JcC4RXw_vrGvrG-0","4","Akhmad Riyanto","https://www.google.com/maps/reviews/data=!4m8!14m7!1m6!2m5!1sChZDSUhNMG9nS0VJQ0FnSUR1eS1LaEVBEAE!2m1!1s0x0:0xed1beb6bacef0f5f!3m1!1s2@1:CIHM0ogKEICAgIDuy-KhEA%7CCgwI3ruzmAYQ-L6AvwM%7C?hl=id","👍"
"Nasi Goreng Jack Kosem","https://www.google.com/maps/search/?api=1&query=Nasi%20Goreng%20Jack%20Kosem&query_place_id=ChIJryoR4r2JcC4RXw_vrGvrG-0","4","Iqbal Syaifurrahman","https://www.google.com/maps/reviews/data=!4m8!14m7!1m6!2m5!1sChZDSUhNMG9nS0VJQ0FnSUN3NzViR1VBEAE!2m1!1s0x0:0xed1beb6bacef0f5f!3m1!1s2@1:CIHM0ogKEICAgICw75bGUA%7CCgwIuv7l1wUQgITB0wI%7C?hl=id","nasi goreng enak dan murah"
"Nasi Goreng Jack Kosem","https://www.google.com/maps/search/?api=1&query=Nasi%20Goreng%20Jack%20Kosem&query_place_id=ChIJryoR4r2JcC4RXw_vrGvrG-0","4","Arief Fathurrohman","https://www.google.com/maps/reviews/data=!4m8!14m7!1m6!2m5!1sChdDSUhNMG9nS0VJQ0FnSURBanNHS3NRRRAB!2m1!1s0x0:0xed1beb6bacef0f5f!3m1!1s2@1:CIHM0ogKEICAgIDAjsGKsQE%7CCgwIw-DJyQUQwJf6pgM%7C?hl=id","Enak"
"Nasi Goreng Jack Kosem","https://www.google.com/maps/search/?api=1&query=Nasi%20Goreng%20Jack%20Kosem&query_place_id=ChIJryoR4r2JcC4RXw_vrGvrG-0","4","IMAM ANAS","https://www.google.com/maps/reviews/data=!4m8!14m7!1m6!2m5!1sChdDSUhNMG9nS0VJQ0FnSUNPM2VlQm5RRRAB!2m1!1s0x0:0xed1beb6bacef0f5f!3m1!1s2@1:CIHM0ogKEICAgICO3eeBnQE%7CCgwIkeuxlQYQ0OipnQE%7C?hl=id",
"Nasi Goreng Jack Kosem","https://www.google.com/maps/search/?api=1&query=Nasi%20Goreng%20Jack%20Kosem&query_place_id=ChIJryoR4r2JcC4RXw_vrGvrG-0","4","Alin 112","https://www.google.com/maps/reviews/data=!4m8!14m7!1m6!2m5!1sChZDSUhNMG9nS0VJQ0FnSUNDMFlxelJ3EAE!2m1!1s0x0:0xed1beb6bacef0f5f!3m1!1s2@1:CIHM0ogKEICAgICC0YqzRw%7CCgwIv46Z-gUQ-LXT0QI%7C?hl=id","enak"
"Nasi Goreng Jack Kosem","https://www.google.com/maps/search/?api=1&query=Nasi%20Goreng%20Jack%20Kosem&query_place_id=ChIJryoR4r2JcC4RXw_vrGvrG-0","4","Capit Mas Perkasa","https://www.google.com/maps/reviews/data=!4m8!14m7!1m6!2m5!1sChZDSUhNMG9nS0VJQ0FnTUNRbk8zdkxBEAE!2m1!1s0x0:0xed1beb6bacef0f5f!3m1!1s2@1:CIHM0ogKEICAgMCQnO3vLA%7CCgwIhoeTvgYQ8KqVqwI%7C?hl=id","Jos"
"Nasi Goreng Jack Kosem","https://www.google.com/maps/search/?api=1&query=Nasi%20Goreng%20Jack%20Kosem&query_place_id=ChIJryoR4r2JcC4RXw_vrGvrG-0","4","Untung Sudarto","https://www.google.com/maps/reviews/data=!4m8!14m7!1m6!2m5!1sCi9DQUlRQUNvZENodHljRjlvT210T09USlBjRGd6WkZKUVUzaDRTMlpXU0Zod1ltYxAB!2m1!1s0x0:0xed1beb6bacef0f5f!3m1!1s2@1:CAIQACodChtycF9oOmtOOTJPcDgzZFJQU3h4S2ZWSFhwYmc%7C0cuYhEbYGDn%7C?hl=id",
"Nasi Goreng Jack Kosem","https://www.google.com/maps/search/?api=1&query=Nasi%20Goreng%20Jack%20Kosem&query_place_id=ChIJryoR4r2JcC4RXw_vrGvrG-0","4","Astri Tithasari","https://www.google.com/maps/reviews/data=!4m8!14m7!1m6!2m5!1sCi9DQUlRQUNvZENodHljRjlvT2xWd1RqRnJjakpWV0ZCbVkyVlRNRkI1WDNKYVpGRRAB!2m1!1s0x0:0xed1beb6bacef0f5f!3m1!1s2@1:CAIQACodChtycF9oOlVwTjFrcjJVWFBmY2VTMFB5X3JaZFE%7C0cT55UI_g4I%7C?hl=id",
"Nasi Goreng Jack Kosem","https://www.google.com/maps/search/?api=1&query=Nasi%20Goreng%20Jack%20Kosem&query_place_id=ChIJryoR4r2JcC4RXw_vrGvrG-0","4","Wijang Susiloputro","https://www.google.com/maps/reviews/data=!4m8!14m7!1m6!2m5!1sChdDSUhNMG9nS0VNdlQwTmZ2MmNtMHhBRRAB!2m1!1s0x0:0xed1beb6bacef0f5f!3m1!1s2@1:CIHM0ogKEMvT0Nfv2cm0xAE%7CCgwI9snowAYQqIiyjwE%7C?hl=id",
"Nasi Goreng Jack Kosem","https://www.google.com/maps/search/?api=1&query=Nasi%20Goreng%20Jack%20Kosem&query_place_id=ChIJryoR4r2JcC4RXw_vrGvrG-0","4","Achie Gino","https://www.google.com/maps/reviews/data=!4m8!14m7!1m6!2m5!1sChdDSUhNMG9nS0VJQ0FnTUNZc3NYODlRRRAB!2m1!1s0x0:0xed1beb6bacef0f5f!3m1!1s2@1:CIHM0ogKEICAgMCYssX89QE%7CCgwI3aTWwAYQ2N610wI%7C?hl=id",
"Nasi Goreng Jack Kosem","https://www.google.com/maps/search/?api=1&query=Nasi%20Goreng%20Jack%20Kosem&query_place_id=ChIJryoR4r2JcC4RXw_vrGvrG-0","4","Wiranto Wijaksono","https://www.google.com/maps/reviews/data=!4m8!14m7!1m6!2m5!1sChdDSUhNMG9nS0VJQ0FnTURReDRPbThRRRAB!2m1!1s0x0:0xed1beb6bacef0f5f!3m1!1s2@1:CIHM0ogKEICAgMDQx4Om8QE%7CCgsIuMTSvgYQ4K_NIw%7C?hl=id",
"Nasi Goreng Jack Kosem","https://www.google.com/maps/search/?api=1&query=Nasi%20Goreng%20Jack%20Kosem&query_place_id=ChIJryoR4r2JcC4RXw_vrGvrG-0","4","Micil lea","https://www.google.com/maps/reviews/data=!4m8!14m7!1m6!2m5!1sChdDSUhNMG9nS0VJQ0FnSUNfNC1DWDdBRRAB!2m1!1s0x0:0xed1beb6bacef0f5f!3m1!1s2@1:CIHM0ogKEICAgIC_4-CX7AE%7CCgsI_M6vvAYQyOOZZw%7C?hl=id",
"Nasi Goreng Jack Kosem","https://www.google.com/maps/search/?api=1&query=Nasi%20Goreng%20Jack%20Kosem&query_place_id=ChIJryoR4r2JcC4RXw_vrGvrG-0","4","setyawan yudhi","https://www.google.com/maps/reviews/data=!4m8!14m7!1m6!2m5!1sChdDSUhNMG9nS0VJQ0FnSUM3ajRuWTlnRRAB!2m1!1s0x0:0xed1beb6bacef0f5f!3m1!1s2@1:CIHM0ogKEICAgIC7j4nY9gE%7CCgwI3deLtgYQ8MSEjwM%7C?hl=id",
"Nasi Goreng Jack Kosem","https://www.google.com/maps/search/?api=1&query=Nasi%20Goreng%20Jack%20Kosem&query_place_id=ChIJryoR4r2JcC4RXw_vrGvrG-0","4","Didik Agus","https://www.google.com/maps/reviews/data=!4m8!14m7!1m6!2m5!1sChdDSUhNMG9nS0VJQ0FnSUNaLUtqRXZ3RRAB!2m1!1s0x0:0xed1beb6bacef0f5f!3m1!1s2@1:CIHM0ogKEICAgICZ-KjEvwE%7CCgwIxIXVpwYQkM6xwAE%7C?hl=id",
"Nasi Goreng Jack Kosem","https://www.google.com/maps/search/?api=1&query=Nasi%20Goreng%20Jack%20Kosem&query_place_id=ChIJryoR4r2JcC4RXw_vrGvrG-0","4","lisa febriana","https://www.google.com/maps/reviews/data=!4m8!14m7!1m6!2m5!1sChdDSUhNMG9nS0VJQ0FnSUR4cExTNXhRRRAB!2m1!1s0x0:0xed1beb6bacef0f5f!3m1!1s2@1:CIHM0ogKEICAgIDxpLS5xQE%7CCgsIl5LlowYQiIqaQA%7C?hl=id",
"Nasi Goreng Jack Kosem","https://www.google.com/maps/search/?api=1&query=Nasi%20Goreng%20Jack%20Kosem&query_place_id=ChIJryoR4r2JcC4RXw_vrGvrG-0","4","El Faqir El Jatihadi","https://www.google.com/maps/reviews/data=!4m8!14m7!1m6!2m5!1sChdDSUhNMG9nS0VJQ0FnSUN4dk1Dd3ZBRRAB!2m1!1s0x0:0xed1beb6bacef0f5f!3m1!1s2@1:CIHM0ogKEICAgICxvMCwvAE%7CCgwI6Zv7ogYQ2KC5oQI%7C?hl=id",
"Nasi Goreng Jack Kosem","https://www.google.com/maps/search/?api=1&query=Nasi%20Goreng%20Jack%20Kosem&query_place_id=ChIJryoR4r2JcC4RXw_vrGvrG-0","4","E Anna","https://www.google.com/maps/reviews/data=!4m8!14m7!1m6!2m5!1sChZDSUhNMG9nS0VJQ0FnSURSMnRHNEZREAE!2m1!1s0x0:0xed1beb6bacef0f5f!3m1!1s2@1:CIHM0ogKEICAgIDR2tG4FQ%7CCgwIufmTogYQgOX-owM%7C?hl=id",
"Nasi Goreng Jack Kosem","https://www.google.com/maps/search/?api=1&query=Nasi%20Goreng%20Jack%20Kosem&query_place_id=ChIJryoR4r2JcC4RXw_vrGvrG-0","4","Agus Suharwanto","https://www.google.com/maps/reviews/data=!4m8!14m7!1m6!2m5!1sChZDSUhNMG9nS0VJQ0FnSURCc3BmMlZ3EAE!2m1!1s0x0:0xed1beb6bacef0f5f!3m1!1s2@1:CIHM0ogKEICAgIDBspf2Vw%7CCgwIj_OSngYQ8OWWrwM%7C?hl=id",
"Nasi Goreng Jack Kosem","https://www.google.com/maps/search/?api=1&query=Nasi%20Goreng%20Jack%20Kosem&query_place_id=ChIJryoR4r2JcC4RXw_vrGvrG-0","4","Gilang","https://www.google.com/maps/reviews/data=!4m8!14m7!1m6!2m5!1sChZDSUhNMG9nS0VJQ0FnSUNpanBHZ2NBEAE!2m1!1s0x0:0xed1beb6bacef0f5f!3m1!1s2@1:CIHM0ogKEICAgICijpGgcA%7CCgwIuoWA_QUQgIb0pgI%7C?hl=id",
"Nasi Goreng Jack Kosem","https://www.google.com/maps/search/?api=1&query=Nasi%20Goreng%20Jack%20Kosem&query_place_id=ChIJryoR4r2JcC4RXw_vrGvrG-0","4","MEYHA SMG","https://www.google.com/maps/reviews/data=!4m8!14m7!1m6!2m5!1sChdDSUhNMG9nS0VJQ0FnSUNDMnRDQzJnRRAB!2m1!1s0x0:0xed1beb6bacef0f5f!3m1!1s2@1:CIHM0ogKEICAgICC2tCC2gE%7CCgwIvKL6-QUQ0Piu3AI%7C?hl=id",
"Nasi Goreng Jack Kosem","https://www.google.com/maps/search/?api=1&query=Nasi%20Goreng%20Jack%20Kosem&query_place_id=ChIJryoR4r2JcC4RXw_vrGvrG-0","4","Sandi Nugraha","https://www.google.com/maps/reviews/data=!4m8!14m7!1m6!2m5!1sChdDSUhNMG9nS0VJQ0FnSUMwM0xtWjZBRRAB!2m1!1s0x0:0xed1beb6bacef0f5f!3m1!1s2@1:CIHM0ogKEICAgIC03LmZ6AE%7CCgwIl-WI7AUQ-JTNqgM%7C?hl=id",
"Nasi Goreng Jack Kosem","https://www.google.com/maps/search/?api=1&query=Nasi%20Goreng%20Jack%20Kosem&query_place_id=ChIJryoR4r2JcC4RXw_vrGvrG-0","4","B XCX","https://www.google.com/maps/reviews/data=!4m8!14m7!1m6!2m5!1sChZDSUhNMG9nS0VJQ0FnSURVby03aUhBEAE!2m1!1s0x0:0xed1beb6bacef0f5f!3m1!1s2@1:CIHM0ogKEICAgIDUo-7iHA%7CCgwIpvG06wUQ4KLxxwM%7C?hl=id",
"Nasi Goreng Jack Kosem","https://www.google.com/maps/search/?api=1&query=Nasi%20Goreng%20Jack%20Kosem&query_place_id=ChIJryoR4r2JcC4RXw_vrGvrG-0","4","Arif Muhamadi","https://www.google.com/maps/reviews/data=!4m8!14m7!1m6!2m5!1sChZDSUhNMG9nS0VJQ0FnSUNVMC1YVlBREAE!2m1!1s0x0:0xed1beb6bacef0f5f!3m1!1s2@1:CIHM0ogKEICAgICU0-XVPQ%7CCgsI6-aY6gUQ8KSTXA%7C?hl=id",
"Nasi Goreng Jack Kosem","https://www.google.com/maps/search/?api=1&query=Nasi%20Goreng%20Jack%20Kosem&query_place_id=ChIJryoR4r2JcC4RXw_vrGvrG-0","4","Erwin Napitupulu","https://www.google.com/maps/reviews/data=!4m8!14m7!1m6!2m5!1sChdDSUhNMG9nS0VJQ0FnSURRc19henFRRRAB!2m1!1s0x0:0xed1beb6bacef0f5f!3m1!1s2@1:CIHM0ogKEICAgIDQs_azqQE%7CCgwIxaPh3AUQyNnUhgM%7C?hl=id",
"Nasi Goreng Jack Kosem","https://www.google.com/maps/search/?api=1&query=Nasi%20Goreng%20Jack%20Kosem&query_place_id=ChIJryoR4r2JcC4RXw_vrGvrG-0","4","Tri Sari","https://www.google.com/maps/reviews/data=!4m8!14m7!1m6!2m5!1sChZDSUhNMG9nS0VJQ0FnSURBOGJQTVJREAE!2m1!1s0x0:0xed1beb6bacef0f5f!3m1!1s2@1:CIHM0ogKEICAgIDA8bPMRQ%7CCgwI8ILe1QUQwNa-uQE%7C?hl=id",
"Nasi Goreng Jack Kosem","https://www.google.com/maps/search/?api=1&query=Nasi%20Goreng%20Jack%20Kosem&query_place_id=ChIJryoR4r2JcC4RXw_vrGvrG-0","4","Muhammad Bahar Haq","https://www.google.com/maps/reviews/data=!4m8!14m7!1m6!2m5!1sChZDSUhNMG9nS0VJQ0FnSURROWVYMUR3EAE!2m1!1s0x0:0xed1beb6bacef0f5f!3m1!1s2@1:CIHM0ogKEICAgIDQ9eX1Dw%7CCgwIxOe7zAUQgLvClQI%7C?hl=id",
"Nasi Goreng Jack Kosem","https://www.google.com/maps/search/?api=1&query=Nasi%20Goreng%20Jack%20Kosem&query_place_id=ChIJryoR4r2JcC4RXw_vrGvrG-0","3","Syaiful Ulum","https://www.google.com/maps/reviews/data=!4m8!14m7!1m6!2m5!1sCi9DQUlRQUNvZENodHljRjlvT2tkSGEycFNRalZYUzE5dGJFTmZVVFZpU0d4RlQwRRAB!2m1!1s0x0:0xed1beb6bacef0f5f!3m1!1s2@1:CAIQACodChtycF9oOkdHa2pSQjVXS19tbENfUTViSGxFT0E%7C0dDO_3KHJL_%7C?hl=id","“Nasi Goreng Jack Kosem” ini salah satu tempat yang rame terus, dan setelah coba makanannya, ya wajar sih. Nasi goreng dan gongso ayamnya enak, terutama buat yang suka nasi tipe pera. Gw pribadi lebih prefer nasi yang pera dibanding yang terlalu berminyak atau basah, jadi ini masuk selera banget. Bumbunya pas, gurihnya dapet, dan gongsonya juga punya aroma khas yang bikin nagih.

Tapi ada beberapa hal yang perlu disiapin kalo mau mampir. Pertama: antre. Lama. Banget. Ini bukan exaggerate—beneran harus sabar. Kayaknya karena masaknya satu-satu dan rame terus, antriannya jadi panjang. Terus untuk pelayanan, yah… bisa dibilang kurang ramah. Bukan yang galak, cuma vibe-nya kayak buru-buru dan kurang senyum aja.

Satu hal lain yang cukup ganggu, di tempat makannya ngga ada hexos atau sirkulasi udara yang proper. Jadi kalau lu makan di tempat, siap-siap kena asap masakan yang lumayan pekat. Kadang bikin bersin atau batuk pas lagi masak banyak pesenan. Jadinya lebih enak takeaway sih kalau sensitif sama asap.

Overall, makanannya enak dan layak dicoba, tapi pengalamannya bisa lebih oke kalau antrean dan sirkulasi udaranya dibenerin."
"Nasi Goreng Jack Kosem","https://www.google.com/maps/search/?api=1&query=Nasi%20Goreng%20Jack%20Kosem&query_place_id=ChIJryoR4r2JcC4RXw_vrGvrG-0","3","Agustina Putri Lestari","https://www.google.com/maps/reviews/data=!4m8!14m7!1m6!2m5!1sCi9DQUlRQUNvZENodHljRjlvT2pSd1kxTmlVRXR0ZDJ0RlNrSk5iRmRXVFROM2JIYxAB!2m1!1s0x0:0xed1beb6bacef0f5f!3m1!1s2@1:CAIQACodChtycF9oOjRwY1NiUEttd2tFSkJNbFdWTTN3bHc%7C0cXZgIE9iFQ%7C?hl=id","Dulu langganan beli disini karena nasgornya enak, tp akhir2 ini sering dpt zonk alias asin. Bahkan pernah sampe ga kemakan karena asin bgt, udh complain ke yg masak tp cuma diem aja. Semoga bisa improve dan terima kritik saran dr costumer"
"Nasi Goreng Jack Kosem","https://www.google.com/maps/search/?api=1&query=Nasi%20Goreng%20Jack%20Kosem&query_place_id=ChIJryoR4r2JcC4RXw_vrGvrG-0","3","FAKHRUDIN","https://www.google.com/maps/reviews/data=!4m8!14m7!1m6!2m5!1sCi9DQUlRQUNvZENodHljRjlvT21KTVJUQlFOa0ZUUTJKR2RWOUhUV3Q0VVZjMlYwRRAB!2m1!1s0x0:0xed1beb6bacef0f5f!3m1!1s2@1:CAIQACodChtycF9oOmJMRTBQNkFTQ2JGdV9HTWt4UVc2V0E%7C0cLG6iVeuZf%7C?hl=id","Makanan enak, saya coba nasgor ruwet. Nasi goreng ayam juga enak.

Namung saran mawon, untuk pelayanan mohon lebih ditingkatkan, lebih sopan dan lebih ramah lagi nggih."
"Nasi Goreng Jack Kosem","https://www.google.com/maps/search/?api=1&query=Nasi%20Goreng%20Jack%20Kosem&query_place_id=ChIJryoR4r2JcC4RXw_vrGvrG-0","3","Nona Maharani","https://www.google.com/maps/reviews/data=!4m8!14m7!1m6!2m5!1sChdDSUhNMG9nS0VJQ0FnSURZM2RERW1nRRAB!2m1!1s0x0:0xed1beb6bacef0f5f!3m1!1s2@1:CIHM0ogKEICAgIDY3dDEmgE%7CCgwIs5iD5wUQ8PnJhgE%7C?hl=id","Ngantrinya ngeri,bisa setengah sampai 1 jam  ngantri untuk beli seporsi nasi goreng,ramai,untuk masak'an 👌cuman males di antrian aja. Semoga kedepannya lebih ok lagi."
"Nasi Goreng Jack Kosem","https://www.google.com/maps/search/?api=1&query=Nasi%20Goreng%20Jack%20Kosem&query_place_id=ChIJryoR4r2JcC4RXw_vrGvrG-0","3","Bang Sep","https://www.google.com/maps/reviews/data=!4m8!14m7!1m6!2m5!1sChZDSUhNMG9nS0VJQ0FnSUNZai1pbVdnEAE!2m1!1s0x0:0xed1beb6bacef0f5f!3m1!1s2@1:CIHM0ogKEICAgICYj-imWg%7CCgwIkqSC5gUQ0PK7ggM%7C?hl=id","Enak masakannya . Tp luama sekali ngantrinya . Terlanjur kenyang makan angin"
"Nasi Goreng Jack Kosem","https://www.google.com/maps/search/?api=1&query=Nasi%20Goreng%20Jack%20Kosem&query_place_id=ChIJryoR4r2JcC4RXw_vrGvrG-0","3","Pradana Channel","https://www.google.com/maps/reviews/data=!4m8!14m7!1m6!2m5!1sChdDSUhNMG9nS0VJQ0FnSURBdHY3bXRnRRAB!2m1!1s0x0:0xed1beb6bacef0f5f!3m1!1s2@1:CIHM0ogKEICAgIDAtv7mtgE%7CCgwI1OPQ6wUQ-IGjyAM%7C?hl=id","Enak masakannya..cuman sayang lama ngantrinya 😁"
"Nasi Goreng Jack Kosem","https://www.google.com/maps/search/?api=1&query=Nasi%20Goreng%20Jack%20Kosem&query_place_id=ChIJryoR4r2JcC4RXw_vrGvrG-0","3","Fatkhur Rokhim","https://www.google.com/maps/reviews/data=!4m8!14m7!1m6!2m5!1sChdDSUhNMG9nS0VJQ0FnSURMbHVDam9RRRAB!2m1!1s0x0:0xed1beb6bacef0f5f!3m1!1s2@1:CIHM0ogKEICAgIDLluCjoQE%7CCgwI-Nj1swYQgIG1gQM%7C?hl=id","Nasgor enak, tapi uantriiiineee suiii polll .."
"Nasi Goreng Jack Kosem","https://www.google.com/maps/search/?api=1&query=Nasi%20Goreng%20Jack%20Kosem&query_place_id=ChIJryoR4r2JcC4RXw_vrGvrG-0","3","Muhammad Djatmiko Javatehnik ac","https://www.google.com/maps/reviews/data=!4m8!14m7!1m6!2m5!1sChdDSUhNMG9nS0VJQ0FnSURwN3BUTTFBRRAB!2m1!1s0x0:0xed1beb6bacef0f5f!3m1!1s2@1:CIHM0ogKEICAgIDp7pTM1AE%7CCgsIxK-SpwYQoIi1YA%7C?hl=id","Antrinya puanjang meskipun makanannya enak dan buanyak"
"Nasi Goreng Jack Kosem","https://www.google.com/maps/search/?api=1&query=Nasi%20Goreng%20Jack%20Kosem&query_place_id=ChIJryoR4r2JcC4RXw_vrGvrG-0","3","Nanda 13","https://www.google.com/maps/reviews/data=!4m8!14m7!1m6!2m5!1sChdDSUhNMG9nS0VJQ0FnSUQwdzhtbl93RRAB!2m1!1s0x0:0xed1beb6bacef0f5f!3m1!1s2@1:CIHM0ogKEICAgID0w8mn_wE%7CCgsIh-7H7gUQoOWbCw%7C?hl=id","Ok lah nasi gorengnya"
"Nasi Goreng Jack Kosem","https://www.google.com/maps/search/?api=1&query=Nasi%20Goreng%20Jack%20Kosem&query_place_id=ChIJryoR4r2JcC4RXw_vrGvrG-0","3","POERWADI","https://www.google.com/maps/reviews/data=!4m8!14m7!1m6!2m5!1sChZDSUhNMG9nS0VJQ0FnSUMwbmU2ZGJ3EAE!2m1!1s0x0:0xed1beb6bacef0f5f!3m1!1s2@1:CIHM0ogKEICAgIC0ne6dbw%7CCgwI9arr7AUQ0OOI6wI%7C?hl=id","Biasa wae."
"Nasi Goreng Jack Kosem","https://www.google.com/maps/search/?api=1&query=Nasi%20Goreng%20Jack%20Kosem&query_place_id=ChIJryoR4r2JcC4RXw_vrGvrG-0","3","Nur Janah","https://www.google.com/maps/reviews/data=!4m8!14m7!1m6!2m5!1sChdDSUhNMG9nS0VJQ0FnSUNCb1B2aHdRRRAB!2m1!1s0x0:0xed1beb6bacef0f5f!3m1!1s2@1:CIHM0ogKEICAgICBoPvhwQE%7CCgwI1p3nnAYQ-LbLnAI%7C?hl=id",
"Nasi Goreng Jack Kosem","https://www.google.com/maps/search/?api=1&query=Nasi%20Goreng%20Jack%20Kosem&query_place_id=ChIJryoR4r2JcC4RXw_vrGvrG-0","3","Ibnu El Sharrawy","https://www.google.com/maps/reviews/data=!4m8!14m7!1m6!2m5!1sChdDSUhNMG9nS0VJQ0FnSUNlODVidjNnRRAB!2m1!1s0x0:0xed1beb6bacef0f5f!3m1!1s2@1:CIHM0ogKEICAgICe85bv3gE%7CCgwIzt62mQYQ-NXa1gM%7C?hl=id",
"Nasi Goreng Jack Kosem","https://www.google.com/maps/search/?api=1&query=Nasi%20Goreng%20Jack%20Kosem&query_place_id=ChIJryoR4r2JcC4RXw_vrGvrG-0","3","Setyabudi Family","https://www.google.com/maps/reviews/data=!4m8!14m7!1m6!2m5!1sChZDSUhNMG9nS0VJQ0FnSUR5OXFiNFFnEAE!2m1!1s0x0:0xed1beb6bacef0f5f!3m1!1s2@1:CIHM0ogKEICAgIDy9qb4Qg%7CCgwI46uRggYQ2Pqu8QE%7C?hl=id",
"Nasi Goreng Jack Kosem","https://www.google.com/maps/search/?api=1&query=Nasi%20Goreng%20Jack%20Kosem&query_place_id=ChIJryoR4r2JcC4RXw_vrGvrG-0","3","Gigih Setyo Pambudi","https://www.google.com/maps/reviews/data=!4m8!14m7!1m6!2m5!1sChZDSUhNMG9nS0VJQ0FnSURnaHBmZ0hBEAE!2m1!1s0x0:0xed1beb6bacef0f5f!3m1!1s2@1:CIHM0ogKEICAgIDghpfgHA%7CCgwI-4S_2wUQgMya1QM%7C?hl=id",
"Nasi Goreng Jack Kosem","https://www.google.com/maps/search/?api=1&query=Nasi%20Goreng%20Jack%20Kosem&query_place_id=ChIJryoR4r2JcC4RXw_vrGvrG-0","3","Isma Yanti","https://www.google.com/maps/reviews/data=!4m8!14m7!1m6!2m5!1sChdDSUhNMG9nS0VJQ0FnSUNRdzlQbjRRRRAB!2m1!1s0x0:0xed1beb6bacef0f5f!3m1!1s2@1:CIHM0ogKEICAgICQw9Pn4QE%7CCgsIjcqjuAUQwM27Pg%7C?hl=id",
"Nasi Goreng Jack Kosem","https://www.google.com/maps/search/?api=1&query=Nasi%20Goreng%20Jack%20Kosem&query_place_id=ChIJryoR4r2JcC4RXw_vrGvrG-0","3","mz nghoan","https://www.google.com/maps/reviews/data=!4m8!14m7!1m6!2m5!1sChdDSUhNMG9nS0VJQ0FnSUNBc2VfXzlRRRAB!2m1!1s0x0:0xed1beb6bacef0f5f!3m1!1s2@1:CIHM0ogKEICAgICAse__9QE%7CCgwI2KTRswUQwKSajQM%7C?hl=id",
"Nasi Goreng Jack Kosem","https://www.google.com/maps/search/?api=1&query=Nasi%20Goreng%20Jack%20Kosem&query_place_id=ChIJryoR4r2JcC4RXw_vrGvrG-0","2","Ith Bett","https://www.google.com/maps/reviews/data=!4m8!14m7!1m6!2m5!1sChdDSUhNMG9nS0VJQ0FnSUNkN05uVm93RRAB!2m1!1s0x0:0xed1beb6bacef0f5f!3m1!1s2@1:CIHM0ogKEICAgICd7NnVowE%7CCgsI0vytrgYQ0JTqZw%7C?hl=id","Antrine ya ampun suwene nemen, kalau yg keburu laper jgn antri disini deh."
"Nasi Goreng Jack Kosem","https://www.google.com/maps/search/?api=1&query=Nasi%20Goreng%20Jack%20Kosem&query_place_id=ChIJryoR4r2JcC4RXw_vrGvrG-0","2","Dahliyah 712","https://www.google.com/maps/reviews/data=!4m8!14m7!1m6!2m5!1sChZDSUhNMG9nS0VJQ0FnSUNRMy1EVk9BEAE!2m1!1s0x0:0xed1beb6bacef0f5f!3m1!1s2@1:CIHM0ogKEICAgICQ3-DVOA%7CCgwI3420tQUQwLLWtQE%7C?hl=id",
"Nasi Goreng Jack Kosem","https://www.google.com/maps/search/?api=1&query=Nasi%20Goreng%20Jack%20Kosem&query_place_id=ChIJryoR4r2JcC4RXw_vrGvrG-0","1","Farid Grobogan","https://www.google.com/maps/reviews/data=!4m8!14m7!1m6!2m5!1sChdDSUhNMG9nS0VJQ0FnTUNvOEw2NDJ3RRAB!2m1!1s0x0:0xed1beb6bacef0f5f!3m1!1s2@1:CIHM0ogKEICAgMCo8L642wE%7CCgwI_Lz0vwYQyOGo-wE%7C?hl=id","Untuk rasa tergolong enak. Tapi untuk pelayanan terlalu lama. Kita sudah antri lama tapi malah orang lain yang di dahulukan. Mohon bisa untuk ditingkatkan lagi pelayananya"
"Nasi Goreng Jack Kosem","https://www.google.com/maps/search/?api=1&query=Nasi%20Goreng%20Jack%20Kosem&query_place_id=ChIJryoR4r2JcC4RXw_vrGvrG-0","1","Rachman Maulana","https://www.google.com/maps/reviews/data=!4m8!14m7!1m6!2m5!1sChdDSUhNMG9nS0VJQ0FnSUMxLXVlTHFnRRAB!2m1!1s0x0:0xed1beb6bacef0f5f!3m1!1s2@1:CIHM0ogKEICAgIC1-ueLqgE%7CCgwIi-y1rAYQ8PzS0AM%7C?hl=id","Enak tapi masaknya paling lama se gunungpati ga tau fungsinya 2 karyawan beli nasgor aja sejam, kayanya lebih di diduluin makan di tempat, kalo ndak karena kakak ngidam ga bakal beli dsini 🙏"
"Nasi Goreng Jack Kosem","https://www.google.com/maps/search/?api=1&query=Nasi%20Goreng%20Jack%20Kosem&query_place_id=ChIJryoR4r2JcC4RXw_vrGvrG-0","1","Risbi Dancow","https://www.google.com/maps/reviews/data=!4m8!14m7!1m6!2m5!1sChdDSUhNMG9nS0VJQ0FnSURPMUlTNDlBRRAB!2m1!1s0x0:0xed1beb6bacef0f5f!3m1!1s2@1:CIHM0ogKEICAgIDO1IS49AE%7CCgwIlIzslQYQ8PrdmAI%7C?hl=id","Ngantri 30menit lebih padahal ramenya biasa saja....tapi soal rasa mgkn enak"
"Nasi Goreng Jack Kosem","https://www.google.com/maps/search/?api=1&query=Nasi%20Goreng%20Jack%20Kosem&query_place_id=ChIJryoR4r2JcC4RXw_vrGvrG-0","1","Ryan R Hakim","https://www.google.com/maps/reviews/data=!4m8!14m7!1m6!2m5!1sChdDSUhNMG9nS0VJQ0FnSUQwc29yQWhBRRAB!2m1!1s0x0:0xed1beb6bacef0f5f!3m1!1s2@1:CIHM0ogKEICAgID0sorAhAE%7CCgsI97zm7QUQ-KLxXQ%7C?hl=id","Ngantrinya lama.. Datang 20.30, sampai 21.20 belum makan. Alhasil tinggal pulang nggak jadi makan."
"Nasi Goreng Jack Kosem","https://www.google.com/maps/search/?api=1&query=Nasi%20Goreng%20Jack%20Kosem&query_place_id=ChIJryoR4r2JcC4RXw_vrGvrG-0","1","Nurma Timbang","https://www.google.com/maps/reviews/data=!4m8!14m7!1m6!2m5!1sChZDSUhNMG9nS0VJQ0FnSURabnNqSFZ3EAE!2m1!1s0x0:0xed1beb6bacef0f5f!3m1!1s2@1:CIHM0ogKEICAgIDZnsjHVw%7CCgwI9PblqAYQqJeN6gI%7C?hl=id","Tolong untuk ditingkatkan kecepatan masaknya. Pak walaupun enak tapi pelayanan tolong ditingkatkan
Evaluasi pak"
"Nasi Goreng Jack Kosem","https://www.google.com/maps/search/?api=1&query=Nasi%20Goreng%20Jack%20Kosem&query_place_id=ChIJryoR4r2JcC4RXw_vrGvrG-0","1","Naytasemarang210494@gmail.com Nayta","https://www.google.com/maps/reviews/data=!4m8!14m7!1m6!2m5!1sChdDSUhNMG9nS0VJQ0FnSUQwc3ZxRWlnRRAB!2m1!1s0x0:0xed1beb6bacef0f5f!3m1!1s2@1:CIHM0ogKEICAgID0svqEigE%7CCgwIn8jm7QUQ0JjhrwE%7C?hl=id","Antriannya terlalu lama, satu jam belum jadi juga.. Seharusnya ada peningkatan"
"Nasi Goreng Jack Kosem","https://www.google.com/maps/search/?api=1&query=Nasi%20Goreng%20Jack%20Kosem&query_place_id=ChIJryoR4r2JcC4RXw_vrGvrG-0","1","andhine luth","https://www.google.com/maps/reviews/data=!4m8!14m7!1m6!2m5!1sChZDSUhNMG9nS0VJQ0FnSUNGaGJLUWN3EAE!2m1!1s0x0:0xed1beb6bacef0f5f!3m1!1s2@1:CIHM0ogKEICAgICFhbKQcw%7CCgsI2bH6qQYQwNiZVg%7C?hl=id","Ngantri nya terlalu lama sekali 👎👎👎"
"Nasi Goreng Jack Kosem","https://www.google.com/maps/search/?api=1&query=Nasi%20Goreng%20Jack%20Kosem&query_place_id=ChIJryoR4r2JcC4RXw_vrGvrG-0","1","RWNDRK","https://www.google.com/maps/reviews/data=!4m8!14m7!1m6!2m5!1sChZDSUhNMG9nS0VJQ0FnSUN5bm8zeVp3EAE!2m1!1s0x0:0xed1beb6bacef0f5f!3m1!1s2@1:CIHM0ogKEICAgICyno3yZw%7CCgwI1ZbbgAYQoNPxlwE%7C?hl=id","Antre terlalu lama"
"Nasi Goreng Jack Kosem","https://www.google.com/maps/search/?api=1&query=Nasi%20Goreng%20Jack%20Kosem&query_place_id=ChIJryoR4r2JcC4RXw_vrGvrG-0","1","Anggi ayuningtias","https://www.google.com/maps/reviews/data=!4m8!14m7!1m6!2m5!1sChZDSUhNMG9nS0VJQ0FnSUNuazRia1RREAE!2m1!1s0x0:0xed1beb6bacef0f5f!3m1!1s2@1:CIHM0ogKEICAgICnk4bkTQ%7CCgwItbfltwYQ6MvjiQI%7C?hl=id",
"Nasi Goreng Jack Kosem","https://www.google.com/maps/search/?api=1&query=Nasi%20Goreng%20Jack%20Kosem&query_place_id=ChIJryoR4r2JcC4RXw_vrGvrG-0","1","Erwan Sapto","https://www.google.com/maps/reviews/data=!4m8!14m7!1m6!2m5!1sChdDSUhNMG9nS0VJQ0FnSURweWRlTXhnRRAB!2m1!1s0x0:0xed1beb6bacef0f5f!3m1!1s2@1:CIHM0ogKEICAgIDpydeMxgE%7CCgsIlb2dpwYQwLb9cA%7C?hl=id",
"Nasi Goreng Jack Kosem","https://www.google.com/maps/search/?api=1&query=Nasi%20Goreng%20Jack%20Kosem&query_place_id=ChIJryoR4r2JcC4RXw_vrGvrG-0","1","Piyol Jelek","https://www.google.com/maps/reviews/data=!4m8!14m7!1m6!2m5!1sChdDSUhNMG9nS0VJQ0FnSUNSanF6NG93RRAB!2m1!1s0x0:0xed1beb6bacef0f5f!3m1!1s2@1:CIHM0ogKEICAgICRjqz4owE%7CCgsIn6qioQYQuLnXeA%7C?hl=id",
"Nasi Goreng Jack Kosem","https://www.google.com/maps/search/?api=1&query=Nasi%20Goreng%20Jack%20Kosem&query_place_id=ChIJryoR4r2JcC4RXw_vrGvrG-0","1","Alfario New","https://www.google.com/maps/reviews/data=!4m8!14m7!1m6!2m5!1sChdDSUhNMG9nS0VJQ0FnSUNnNjRMNHRnRRAB!2m1!1s0x0:0xed1beb6bacef0f5f!3m1!1s2@1:CIHM0ogKEICAgICg64L4tgE%7CCgwIs5WBxwUQwPn4hgE%7C?hl=id",
"Nasi Goreng Jack Kosem","https://www.google.com/maps/search/?api=1&query=Nasi%20Goreng%20Jack%20Kosem&query_place_id=ChIJryoR4r2JcC4RXw_vrGvrG-0","1","Heni Purwanti","https://www.google.com/maps/reviews/data=!4m8!14m7!1m6!2m5!1sChZDSUhNMG9nS0VJQ0FnSURnOG9tSWZ3EAE!2m1!1s0x0:0xed1beb6bacef0f5f!3m1!1s2@1:CIHM0ogKEICAgIDg8omIfw%7CCgsIsbLrugUQgPnhaw%7C?hl=id",
